2026-07-24 19:35:05,727 [INFO] [MainThread] [root/log.py:104]: YASB v2.0.5
2026-07-24 19:35:05,727 [INFO] [CLIPipeServer] [cli_server/cli_server.py:216]: CLI server started v1.1.7
2026-07-24 19:35:05,728 [INFO] [MainThread] [cli_server/cli_server.py:106]: Log pipe server started
2026-07-24 19:38:36,233 [INFO] [MainThread] [root/welcome.py:867]: Created config file at C:\Users\moham\.config\yasb\config.yaml
2026-07-24 19:38:36,234 [INFO] [MainThread] [root/welcome.py:876]: Created styles file at C:\Users\moham\.config\yasb\styles.css
2026-07-24 19:38:36,863 [INFO] [MainThread] [root/api.py:62]: GitHubDataManager started...
2026-07-24 19:38:36,935 [INFO] [MainThread] [root/service.py:41]: AudioInputService starting...
2026-07-24 19:38:37,003 [INFO] [MainThread] [root/service.py:52]: AudioOutputService starting...
2026-07-24 19:38:38,428 [INFO] [MainThread] [root/bar_manager.py:103]: Starting SystemEventListener...
2026-07-24 19:38:38,428 [INFO] [MainThread] [root/bar_manager.py:103]: Starting WindowsNotificationEventListener...
2026-07-24 19:38:38,429 [INFO] [MainThread] [root/watcher.py:65]: Watching directory: c:\users\moham\.config\yasb
2026-07-24 19:38:38,430 [INFO] [MainThread] [root/watcher.py:104]: Created file watcher
2026-07-24 19:38:38,490 [INFO] [MainThread] [root/update_service.py:434]: Background update checker started
2026-07-24 19:45:04,544 [ERROR] [MainThread] [root/config.py:99]: The config file 'C:\Users\moham\.config\yasb\config.yaml' contains validation errors. Please fix:
glazewm_tiling_direction:
- Extra inputs are not permitted

2026-07-24 19:45:06,582 [INFO] [MainThread] [root/controller.py:21]: Reloading Application because of config change.
2026-07-24 19:45:06,694 [INFO] [MainThread] [cli_server/cli_server.py:114]: Log pipe server stopped
2026-07-24 19:45:06,700 [INFO] [MainThread] [root/bar_manager.py:93]: Successfully loaded updated config and re-initialised all bars.
2026-07-24 19:45:07,663 [INFO] [MainThread] [root/log.py:104]: YASB v2.0.5
2026-07-24 19:45:07,663 [INFO] [CLIPipeServer] [cli_server/cli_server.py:216]: CLI server started v1.1.7
2026-07-24 19:45:07,664 [INFO] [MainThread] [cli_server/cli_server.py:106]: Log pipe server started
2026-07-24 19:45:07,664 [INFO] [MainThread] [root/main.py:48]: Waiting for previous YASB instance to exit...
2026-07-24 19:45:07,941 [INFO] [MainThread] [root/bar_manager.py:119]: Stopping SystemEventListener...
2026-07-24 19:45:07,994 [INFO] [MainThread] [root/bar_manager.py:119]: Stopping WindowsNotificationEventListener...
2026-07-24 19:45:08,416 [INFO] [MainThread] [root/main.py:74]: Previous instance exited, continuing startup.
2026-07-24 19:45:09,132 [INFO] [MainThread] [root/api.py:62]: GitHubDataManager started...
2026-07-24 19:45:09,179 [INFO] [MainThread] [root/service.py:41]: AudioInputService starting...
2026-07-24 19:45:09,250 [INFO] [MainThread] [root/service.py:52]: AudioOutputService starting...
2026-07-24 19:45:11,320 [INFO] [MainThread] [root/bar_manager.py:103]: Starting WindowsNotificationEventListener...
2026-07-24 19:45:11,321 [INFO] [MainThread] [root/bar_manager.py:103]: Starting SystemEventListener...
2026-07-24 19:45:11,322 [INFO] [MainThread] [root/watcher.py:65]: Watching directory: c:\users\moham\.config\yasb
2026-07-24 19:45:11,322 [INFO] [MainThread] [root/watcher.py:104]: Created file watcher
2026-07-24 19:45:11,541 [INFO] [MainThread] [root/update_service.py:434]: Background update checker started
2026-07-24 19:48:29,371 [ERROR] [MainThread] [root/bar_manager.py:80]: Error loading config: while scanning for the next token
found character '%' that cannot start any token
  in "C:\Users\moham\.config\yasb\config.yaml", line 277, column 37
2026-07-24 19:48:34,664 [ERROR] [MainThread] [root/config.py:99]: The config file 'C:\Users\moham\.config\yasb\config.yaml' contains validation errors. Please fix:
widgets:
  glazewm_workspaces:
    str:
    - Input should be a valid string
    dict[str,any]:
    - Input should be a valid dictionary

2026-07-24 19:48:42,205 [INFO] [MainThread] [root/controller.py:21]: Reloading Application because of config change.
2026-07-24 19:48:42,311 [INFO] [MainThread] [cli_server/cli_server.py:114]: Log pipe server stopped
2026-07-24 19:48:42,318 [INFO] [MainThread] [root/bar_manager.py:93]: Successfully loaded updated config and re-initialised all bars.
2026-07-24 19:48:43,135 [INFO] [MainThread] [root/log.py:104]: YASB v2.0.5
2026-07-24 19:48:43,135 [INFO] [CLIPipeServer] [cli_server/cli_server.py:216]: CLI server started v1.1.7
2026-07-24 19:48:43,136 [INFO] [MainThread] [cli_server/cli_server.py:106]: Log pipe server started
2026-07-24 19:48:43,136 [INFO] [MainThread] [root/main.py:48]: Waiting for previous YASB instance to exit...
2026-07-24 19:48:43,460 [INFO] [MainThread] [root/bar_manager.py:119]: Stopping WindowsNotificationEventListener...
2026-07-24 19:48:43,514 [INFO] [MainThread] [root/bar_manager.py:119]: Stopping SystemEventListener...
2026-07-24 19:48:43,888 [INFO] [MainThread] [root/main.py:74]: Previous instance exited, continuing startup.
2026-07-24 19:48:44,614 [INFO] [MainThread] [root/api.py:62]: GitHubDataManager started...
2026-07-24 19:48:44,686 [INFO] [MainThread] [root/service.py:41]: AudioInputService starting...
2026-07-24 19:48:44,753 [INFO] [MainThread] [root/service.py:52]: AudioOutputService starting...
2026-07-24 19:48:46,829 [INFO] [MainThread] [root/bar_manager.py:103]: Starting SystemEventListener...
2026-07-24 19:48:46,830 [INFO] [MainThread] [root/bar_manager.py:103]: Starting WindowsNotificationEventListener...
2026-07-24 19:48:46,831 [INFO] [MainThread] [root/watcher.py:65]: Watching directory: c:\users\moham\.config\yasb
2026-07-24 19:48:46,831 [INFO] [MainThread] [root/watcher.py:104]: Created file watcher
2026-07-24 19:48:46,953 [INFO] [MainThread] [root/update_service.py:434]: Background update checker started
2026-07-24 19:52:03,182 [INFO] [MainThread] [root/bar_manager.py:119]: Stopping SystemEventListener...
2026-07-24 19:52:03,505 [INFO] [MainThread] [root/bar_manager.py:119]: Stopping WindowsNotificationEventListener...
2026-07-24 20:00:22,215 [INFO] [MainThread] [root/log.py:104]: YASB v2.0.5
2026-07-24 20:00:22,216 [INFO] [CLIPipeServer] [cli_server/cli_server.py:216]: CLI server started v1.1.7
2026-07-24 20:00:22,217 [INFO] [MainThread] [cli_server/cli_server.py:106]: Log pipe server started
2026-07-24 20:00:23,983 [INFO] [MainThread] [root/api.py:62]: GitHubDataManager started...
2026-07-24 20:00:24,089 [INFO] [MainThread] [root/service.py:41]: AudioInputService starting...
2026-07-24 20:00:24,169 [INFO] [MainThread] [root/service.py:52]: AudioOutputService starting...
2026-07-24 20:00:25,297 [INFO] [MainThread] [root/bar_manager.py:103]: Starting SystemEventListener...
2026-07-24 20:00:25,298 [INFO] [MainThread] [root/bar_manager.py:103]: Starting WindowsNotificationEventListener...
2026-07-24 20:00:25,301 [INFO] [MainThread] [root/watcher.py:65]: Watching directory: c:\users\moham\.config\yasb
2026-07-24 20:00:25,301 [INFO] [MainThread] [root/watcher.py:104]: Created file watcher
2026-07-24 20:00:25,506 [INFO] [MainThread] [root/update_service.py:434]: Background update checker started
2026-07-24 20:00:33,896 [WARNING] [MainThread] [glazewm_client/client.py:134]: WebSocket error: SocketError.ConnectionRefusedError. Reconnecting...
2026-07-24 20:00:34,255 [WARNING] [MainThread] [glazewm_client/client.py:134]: WebSocket error: SocketError.ConnectionRefusedError. Reconnecting...
Windows fatal exception: code 0x8001010d

Thread 0x00001630 [asyncio_0] (most recent call first):
  File "C:\hostedtoolcache\windows\Python\3.14.6\x64\Lib\threading.py", line 373 in wait
  File "C:\hostedtoolcache\windows\Python\3.14.6\x64\Lib\threading.py", line 670 in wait
  File "C:\hostedtoolcache\windows\Python\3.14.6\x64\Lib\concurrent\futures\thread.py", line 73 in run
  File "C:\hostedtoolcache\windows\Python\3.14.6\x64\Lib\concurrent\futures\thread.py", line 86 in run
  File "C:\hostedtoolcache\windows\Python\3.14.6\x64\Lib\concurrent\futures\thread.py", line 119 in _worker
  File "C:\hostedtoolcache\windows\Python\3.14.6\x64\Lib\threading.py", line 1024 in run
  File "C:\hostedtoolcache\windows\Python\3.14.6\x64\Lib\threading.py", line 1082 in _bootstrap_inner
  File "C:\hostedtoolcache\windows\Python\3.14.6\x64\Lib\threading.py", line 1044 in _bootstrap

Thread 0x00004090 [Thread-5] (most recent call first):
  File "C:\hostedtoolcache\windows\Python\3.14.6\x64\Lib\threading.py", line 369 in wait
  File "C:\hostedtoolcache\windows\Python\3.14.6\x64\Lib\queue.py", line 199 in get
  File "D:\a\yasb\yasb\venv\Lib\site-packages\watchdog\observers\api.py", line 379 in dispatch_events
  File "D:\a\yasb\yasb\venv\Lib\site-packages\watchdog\observers\api.py", line 213 in run
  File "C:\hostedtoolcache\windows\Python\3.14.6\x64\Lib\threading.py", line 1082 in _bootstrap_inner
  File "C:\hostedtoolcache\windows\Python\3.14.6\x64\Lib\threading.py", line 1044 in _bootstrap

Thread 0x00001784 [WindowsNotificationEventListener] (most recent call first):
  File "C:\hostedtoolcache\windows\Python\3.14.6\x64\Lib\asyncio\windows_events.py", line 778 in _poll
  File "C:\hostedtoolcache\windows\Python\3.14.6\x64\Lib\asyncio\windows_events.py", line 446 in select
  File "C:\hostedtoolcache\windows\Python\3.14.6\x64\Lib\asyncio\base_events.py", line 2018 in _run_once
  File "C:\hostedtoolcache\windows\Python\3.14.6\x64\Lib\asyncio\base_events.py", line 677 in run_forever
  File "C:\hostedtoolcache\windows\Python\3.14.6\x64\Lib\asyncio\base_events.py", line 706 in run_until_complete
  File "D:\a\yasb\yasb\src\core\widgets\services\notifications\windows_notification.py", line 101 in run

Thread 0x000043ec [SystemEventListener] (most recent call first):
  File "D:\a\yasb\yasb\src\core\utils\win32\event_listener.py", line 69 in run

Thread 0x00003e9c [Thread-6] (most recent call first):
  File "D:\a\yasb\yasb\venv\Lib\site-packages\watchdog\observers\winapi.py", line 326 in read_directory_changes
  File "D:\a\yasb\yasb\venv\Lib\site-packages\watchdog\observers\winapi.py", line 380 in read_events
  File "D:\a\yasb\yasb\venv\Lib\site-packages\watchdog\observers\read_directory_changes.py", line 67 in _read_events
  File "D:\a\yasb\yasb\venv\Lib\site-packages\watchdog\observers\read_directory_changes.py", line 70 in queue_events
  File "D:\a\yasb\yasb\venv\Lib\site-packages\watchdog\observers\api.py", line 158 in run
  File "C:\hostedtoolcache\windows\Python\3.14.6\x64\Lib\threading.py", line 1082 in _bootstrap_inner
  File "C:\hostedtoolcache\windows\Python\3.14.6\x64\Lib\threading.py", line 1044 in _bootstrap

Thread 0x00004328 [MemoryWorker] (most recent call first):
  File "D:\a\yasb\yasb\src\core\widgets\services\memory\memory_api.py", line 244 in run

Thread 0x0000414c [CpuWorker] (most recent call first):
  File "D:\a\yasb\yasb\src\core\widgets\services\cpu\cpu_api.py", line 340 in run

Thread 0x00003a3c [_EventWorker] (most recent call first):
  File "D:\a\yasb\yasb\venv\Lib\site-packages\qasync\_windows.py", line 147 in _poll
  File "D:\a\yasb\yasb\venv\Lib\site-packages\qasync\_windows.py", line 72 in select
  File "D:\a\yasb\yasb\venv\Lib\site-packages\qasync\_windows.py", line 199 in run

Thread 0x00001a98 [LogPipeServer] (most recent call first):
  File "D:\a\yasb\yasb\src\core\utils\win32\bindings\kernel32.py", line 288 in ConnectNamedPipe
  File "D:\a\yasb\yasb\src\core\utils\cli_server.py", line 138 in _run_server
  File "C:\hostedtoolcache\windows\Python\3.14.6\x64\Lib\threading.py", line 1024 in run
  File "C:\hostedtoolcache\windows\Python\3.14.6\x64\Lib\threading.py", line 1082 in _bootstrap_inner
  File "C:\hostedtoolcache\windows\Python\3.14.6\x64\Lib\threading.py", line 1044 in _bootstrap

Thread 0x000039f8 [CLIPipeServer] (most recent call first):
  File "D:\a\yasb\yasb\src\core\utils\win32\bindings\kernel32.py", line 288 in ConnectNamedPipe
  File "D:\a\yasb\yasb\src\core\utils\cli_server.py", line 235 in _run_server
  File "C:\hostedtoolcache\windows\Python\3.14.6\x64\Lib\threading.py", line 1024 in run
  File "C:\hostedtoolcache\windows\Python\3.14.6\x64\Lib\threading.py", line 1082 in _bootstrap_inner
  File "C:\hostedtoolcache\windows\Python\3.14.6\x64\Lib\threading.py", line 1044 in _bootstrap

Current thread 0x00004028 (most recent call first):
  File "D:\a\yasb\yasb\venv\Lib\site-packages\qasync\__init__.py", line 404 in run_forever
  File "D:\a\yasb\yasb\venv\Lib\site-packages\qasync\__init__.py", line 428 in run_until_complete
  File "main.py", line 100 in main
  File "main.py", line 203 in <module>
  File "D:\a\yasb\yasb\venv\Lib\site-packages\freeze_core\initscripts\console.py", line 27 in run
  File "D:\a\yasb\yasb\venv\Lib\site-packages\freeze_core\initscripts\__startup__.py", line 137 in run

Current thread's C stack trace (most recent call first):
  <cannot get C stack on this system>
2026-07-24 20:16:39,469 [INFO] [MainThread] [root/log.py:104]: YASB v2.0.5
2026-07-24 20:16:39,470 [INFO] [CLIPipeServer] [cli_server/cli_server.py:216]: CLI server started v1.1.7
2026-07-24 20:16:39,471 [INFO] [MainThread] [cli_server/cli_server.py:106]: Log pipe server started
2026-07-24 20:16:40,826 [INFO] [MainThread] [root/api.py:62]: GitHubDataManager started...
2026-07-24 20:16:40,903 [INFO] [MainThread] [root/service.py:41]: AudioInputService starting...
2026-07-24 20:16:40,969 [INFO] [MainThread] [root/service.py:52]: AudioOutputService starting...
2026-07-24 20:16:42,147 [INFO] [MainThread] [root/bar_manager.py:103]: Starting SystemEventListener...
2026-07-24 20:16:42,147 [INFO] [MainThread] [root/bar_manager.py:103]: Starting WindowsNotificationEventListener...
2026-07-24 20:16:42,150 [INFO] [MainThread] [root/watcher.py:65]: Watching directory: c:\users\moham\.config\yasb
2026-07-24 20:16:42,150 [INFO] [MainThread] [root/watcher.py:104]: Created file watcher
2026-07-24 20:16:42,278 [INFO] [MainThread] [root/update_service.py:434]: Background update checker started
2026-07-24 20:42:14,874 [WARNING] [MainThread] [glazewm_client/client.py:134]: WebSocket error: SocketError.RemoteHostClosedError. Reconnecting...
2026-07-24 20:42:14,891 [WARNING] [MainThread] [glazewm_client/client.py:134]: WebSocket error: SocketError.RemoteHostClosedError. Reconnecting...
2026-07-24 20:58:46,830 [WARNING] [MainThread] [glazewm_client/client.py:134]: WebSocket error: SocketError.RemoteHostClosedError. Reconnecting...
2026-07-24 20:58:46,838 [WARNING] [MainThread] [glazewm_client/client.py:134]: WebSocket error: SocketError.RemoteHostClosedError. Reconnecting...
2026-07-24 21:10:16,095 [INFO] [MainThread] [root/bar_helper.py:594]: AppBarManager need to re-register 2 bars
2026-07-24 21:10:16,513 [INFO] [MainThread] [root/bar_helper.py:603]: Re-registered AppBar for primary-bar_PLAYER MSG12_316515ab (space reservation + fullscreen)
2026-07-24 21:10:16,817 [INFO] [MainThread] [root/bar_helper.py:603]: Re-registered AppBar for primary-bar_L20T-1 ECO_6a5ddec7 (space reservation + fullscreen)
2026-07-24 21:10:54,935 [INFO] [CLIPipeServer] [cli_server/cli_server.py:257]: CLI server received command: reload
2026-07-24 21:10:54,935 [INFO] [CLIPipeServer] [root/controller.py:21]: Reloading Application from CLI...
2026-07-24 21:10:55,048 [INFO] [CLIPipeServer] [cli_server/cli_server.py:114]: Log pipe server stopped
2026-07-24 21:10:55,557 [INFO] [Thread-8 (_restart_pipe_server)] [cli_server/cli_server.py:114]: Log pipe server stopped
2026-07-24 21:10:55,558 [INFO] [Thread-9 (_run_server)] [cli_server/cli_server.py:216]: CLI server started v1.1.7
2026-07-24 21:10:55,560 [INFO] [Thread-8 (_restart_pipe_server)] [cli_server/cli_server.py:106]: Log pipe server started
2026-07-24 21:10:55,922 [INFO] [MainThread] [root/log.py:104]: YASB v2.0.5
2026-07-24 21:10:55,923 [INFO] [CLIPipeServer] [cli_server/cli_server.py:216]: CLI server started v1.1.7
2026-07-24 21:10:55,924 [INFO] [MainThread] [cli_server/cli_server.py:106]: Log pipe server started
2026-07-24 21:10:55,925 [INFO] [MainThread] [root/main.py:48]: Waiting for previous YASB instance to exit...
2026-07-24 21:10:55,971 [INFO] [MainThread] [root/bar_manager.py:119]: Stopping SystemEventListener...
2026-07-24 21:10:55,984 [INFO] [MainThread] [root/bar_manager.py:119]: Stopping WindowsNotificationEventListener...
2026-07-24 21:10:56,175 [INFO] [MainThread] [root/main.py:74]: Previous instance exited, continuing startup.
2026-07-24 21:10:56,838 [INFO] [MainThread] [root/api.py:62]: GitHubDataManager started...
2026-07-24 21:10:56,883 [INFO] [MainThread] [root/service.py:41]: AudioInputService starting...
2026-07-24 21:10:56,947 [INFO] [MainThread] [root/service.py:52]: AudioOutputService starting...
2026-07-24 21:10:58,523 [INFO] [MainThread] [root/bar_manager.py:103]: Starting WindowsNotificationEventListener...
2026-07-24 21:10:58,523 [INFO] [MainThread] [root/bar_manager.py:103]: Starting SystemEventListener...
2026-07-24 21:10:58,526 [INFO] [MainThread] [root/watcher.py:65]: Watching directory: c:\users\moham\.config\yasb
2026-07-24 21:10:58,526 [INFO] [MainThread] [root/watcher.py:104]: Created file watcher
2026-07-24 21:10:58,635 [INFO] [MainThread] [root/update_service.py:434]: Background update checker started
2026-07-24 21:19:30,371 [INFO] [MainThread] [root/bar_helper.py:594]: AppBarManager need to re-register 2 bars
2026-07-24 21:19:30,559 [INFO] [MainThread] [root/bar_helper.py:603]: Re-registered AppBar for primary-bar_PLAYER MSG12_f6a0bb09 (space reservation + fullscreen)
2026-07-24 21:19:30,861 [INFO] [MainThread] [root/bar_helper.py:603]: Re-registered AppBar for primary-bar_L20T-1 ECO_a77818e4 (space reservation + fullscreen)
2026-07-24 21:23:03,319 [INFO] [MainThread] [root/controller.py:21]: Reloading Application because of config change.
2026-07-24 21:23:03,428 [INFO] [MainThread] [cli_server/cli_server.py:114]: Log pipe server stopped
2026-07-24 21:23:03,434 [INFO] [MainThread] [root/bar_manager.py:93]: Successfully loaded updated config and re-initialised all bars.
2026-07-24 21:23:04,230 [INFO] [MainThread] [root/log.py:104]: YASB v2.0.5
2026-07-24 21:23:04,230 [INFO] [CLIPipeServer] [cli_server/cli_server.py:216]: CLI server started v1.1.7
2026-07-24 21:23:04,231 [INFO] [MainThread] [cli_server/cli_server.py:106]: Log pipe server started
2026-07-24 21:23:04,232 [INFO] [MainThread] [root/main.py:48]: Waiting for previous YASB instance to exit...
2026-07-24 21:23:04,529 [INFO] [MainThread] [root/bar_manager.py:119]: Stopping WindowsNotificationEventListener...
2026-07-24 21:23:04,728 [INFO] [MainThread] [root/bar_manager.py:119]: Stopping SystemEventListener...
2026-07-24 21:23:04,984 [INFO] [MainThread] [root/main.py:74]: Previous instance exited, continuing startup.
2026-07-24 21:23:05,697 [INFO] [MainThread] [root/api.py:62]: GitHubDataManager started...
2026-07-24 21:23:05,746 [INFO] [MainThread] [root/service.py:41]: AudioInputService starting...
2026-07-24 21:23:05,869 [INFO] [MainThread] [root/service.py:52]: AudioOutputService starting...
2026-07-24 21:23:07,791 [INFO] [MainThread] [root/bar_manager.py:103]: Starting SystemEventListener...
2026-07-24 21:23:07,792 [INFO] [MainThread] [root/bar_manager.py:103]: Starting WindowsNotificationEventListener...
2026-07-24 21:23:07,793 [INFO] [MainThread] [root/watcher.py:65]: Watching directory: c:\users\moham\.config\yasb
2026-07-24 21:23:07,794 [INFO] [MainThread] [root/watcher.py:104]: Created file watcher
2026-07-24 21:23:07,877 [INFO] [MainThread] [root/update_service.py:434]: Background update checker started
2026-07-24 21:23:17,201 [INFO] [CLIPipeServer] [cli_server/cli_server.py:257]: CLI server received command: reload
2026-07-24 21:23:17,201 [INFO] [CLIPipeServer] [root/controller.py:21]: Reloading Application from CLI...
2026-07-24 21:23:17,312 [INFO] [CLIPipeServer] [cli_server/cli_server.py:114]: Log pipe server stopped
2026-07-24 21:23:17,819 [INFO] [Thread-8 (_restart_pipe_server)] [cli_server/cli_server.py:114]: Log pipe server stopped
2026-07-24 21:23:17,861 [INFO] [Thread-9 (_run_server)] [cli_server/cli_server.py:216]: CLI server started v1.1.7
2026-07-24 21:23:17,918 [INFO] [Thread-8 (_restart_pipe_server)] [cli_server/cli_server.py:106]: Log pipe server started
2026-07-24 21:23:18,022 [INFO] [MainThread] [root/log.py:104]: YASB v2.0.5
2026-07-24 21:23:18,023 [INFO] [CLIPipeServer] [cli_server/cli_server.py:216]: CLI server started v1.1.7
2026-07-24 21:23:18,023 [INFO] [MainThread] [cli_server/cli_server.py:106]: Log pipe server started
2026-07-24 21:23:18,023 [INFO] [MainThread] [root/main.py:48]: Waiting for previous YASB instance to exit...
2026-07-24 21:23:18,145 [INFO] [MainThread] [root/bar_manager.py:119]: Stopping SystemEventListener...
2026-07-24 21:23:18,153 [INFO] [MainThread] [root/bar_manager.py:119]: Stopping WindowsNotificationEventListener...
2026-07-24 21:23:18,275 [INFO] [MainThread] [root/main.py:74]: Previous instance exited, continuing startup.
2026-07-24 21:23:18,869 [INFO] [MainThread] [root/api.py:62]: GitHubDataManager started...
2026-07-24 21:23:18,915 [INFO] [MainThread] [root/service.py:41]: AudioInputService starting...
2026-07-24 21:23:18,978 [INFO] [MainThread] [root/service.py:52]: AudioOutputService starting...
2026-07-24 21:23:20,518 [INFO] [MainThread] [root/bar_manager.py:103]: Starting SystemEventListener...
2026-07-24 21:23:20,518 [INFO] [MainThread] [root/bar_manager.py:103]: Starting WindowsNotificationEventListener...
2026-07-24 21:23:20,519 [INFO] [MainThread] [root/watcher.py:65]: Watching directory: c:\users\moham\.config\yasb
2026-07-24 21:23:20,519 [INFO] [MainThread] [root/watcher.py:104]: Created file watcher
2026-07-24 21:23:20,600 [INFO] [MainThread] [root/update_service.py:434]: Background update checker started
2026-07-24 21:23:46,330 [INFO] [MainThread] [root/controller.py:21]: Reloading Application because of config change.
2026-07-24 21:23:46,442 [INFO] [MainThread] [cli_server/cli_server.py:114]: Log pipe server stopped
2026-07-24 21:23:46,452 [INFO] [MainThread] [root/bar_manager.py:93]: Successfully loaded updated config and re-initialised all bars.
2026-07-24 21:23:47,340 [INFO] [MainThread] [root/log.py:104]: YASB v2.0.5
2026-07-24 21:23:47,340 [INFO] [CLIPipeServer] [cli_server/cli_server.py:216]: CLI server started v1.1.7
2026-07-24 21:23:47,341 [INFO] [MainThread] [cli_server/cli_server.py:106]: Log pipe server started
2026-07-24 21:23:47,341 [INFO] [MainThread] [root/main.py:48]: Waiting for previous YASB instance to exit...
2026-07-24 21:23:47,512 [INFO] [MainThread] [root/bar_manager.py:119]: Stopping SystemEventListener...
2026-07-24 21:23:47,523 [INFO] [MainThread] [root/bar_manager.py:119]: Stopping WindowsNotificationEventListener...
2026-07-24 21:23:47,842 [INFO] [MainThread] [root/main.py:74]: Previous instance exited, continuing startup.
2026-07-24 21:23:48,360 [INFO] [MainThread] [root/api.py:62]: GitHubDataManager started...
2026-07-24 21:23:48,408 [INFO] [MainThread] [root/service.py:41]: AudioInputService starting...
2026-07-24 21:23:48,474 [INFO] [MainThread] [root/service.py:52]: AudioOutputService starting...
2026-07-24 21:23:50,290 [INFO] [MainThread] [root/bar_manager.py:103]: Starting WindowsNotificationEventListener...
2026-07-24 21:23:50,290 [INFO] [MainThread] [root/bar_manager.py:103]: Starting SystemEventListener...
2026-07-24 21:23:50,292 [INFO] [MainThread] [root/watcher.py:65]: Watching directory: c:\users\moham\.config\yasb
2026-07-24 21:23:50,292 [INFO] [MainThread] [root/watcher.py:104]: Created file watcher
2026-07-24 21:23:50,370 [INFO] [MainThread] [root/update_service.py:434]: Background update checker started
2026-07-24 21:23:58,783 [INFO] [CLIPipeServer] [cli_server/cli_server.py:257]: CLI server received command: reload
2026-07-24 21:23:58,784 [INFO] [CLIPipeServer] [root/controller.py:21]: Reloading Application from CLI...
2026-07-24 21:23:58,886 [INFO] [CLIPipeServer] [cli_server/cli_server.py:114]: Log pipe server stopped
2026-07-24 21:23:59,395 [INFO] [Thread-8 (_restart_pipe_server)] [cli_server/cli_server.py:114]: Log pipe server stopped
2026-07-24 21:23:59,396 [INFO] [Thread-9 (_run_server)] [cli_server/cli_server.py:216]: CLI server started v1.1.7
2026-07-24 21:23:59,397 [INFO] [Thread-8 (_restart_pipe_server)] [cli_server/cli_server.py:106]: Log pipe server started
2026-07-24 21:23:59,747 [INFO] [MainThread] [root/log.py:104]: YASB v2.0.5
2026-07-24 21:23:59,747 [INFO] [CLIPipeServer] [cli_server/cli_server.py:216]: CLI server started v1.1.7
2026-07-24 21:23:59,748 [INFO] [MainThread] [cli_server/cli_server.py:106]: Log pipe server started
2026-07-24 21:23:59,748 [INFO] [MainThread] [root/main.py:48]: Waiting for previous YASB instance to exit...
2026-07-24 21:23:59,810 [INFO] [MainThread] [root/bar_manager.py:119]: Stopping WindowsNotificationEventListener...
2026-07-24 21:23:59,814 [INFO] [MainThread] [root/bar_manager.py:119]: Stopping SystemEventListener...
2026-07-24 21:23:59,999 [INFO] [MainThread] [root/main.py:74]: Previous instance exited, continuing startup.
2026-07-24 21:24:00,651 [INFO] [MainThread] [root/api.py:62]: GitHubDataManager started...
2026-07-24 21:24:00,699 [INFO] [MainThread] [root/service.py:41]: AudioInputService starting...
2026-07-24 21:24:00,770 [INFO] [MainThread] [root/service.py:52]: AudioOutputService starting...
2026-07-24 21:24:02,682 [INFO] [MainThread] [root/bar_manager.py:103]: Starting WindowsNotificationEventListener...
2026-07-24 21:24:02,683 [INFO] [MainThread] [root/bar_manager.py:103]: Starting SystemEventListener...
2026-07-24 21:24:02,685 [INFO] [MainThread] [root/watcher.py:65]: Watching directory: c:\users\moham\.config\yasb
2026-07-24 21:24:02,685 [INFO] [MainThread] [root/watcher.py:104]: Created file watcher
2026-07-24 21:24:02,788 [INFO] [MainThread] [root/update_service.py:434]: Background update checker started
2026-07-24 21:25:21,565 [INFO] [MainThread] [root/controller.py:21]: Reloading Application from tray...
2026-07-24 21:25:21,671 [INFO] [MainThread] [cli_server/cli_server.py:114]: Log pipe server stopped
2026-07-24 21:25:22,466 [INFO] [MainThread] [root/log.py:104]: YASB v2.0.5
2026-07-24 21:25:22,467 [INFO] [CLIPipeServer] [cli_server/cli_server.py:216]: CLI server started v1.1.7
2026-07-24 21:25:22,468 [INFO] [MainThread] [cli_server/cli_server.py:106]: Log pipe server started
2026-07-24 21:25:22,468 [INFO] [MainThread] [root/main.py:48]: Waiting for previous YASB instance to exit...
2026-07-24 21:25:22,693 [INFO] [MainThread] [root/bar_manager.py:119]: Stopping WindowsNotificationEventListener...
2026-07-24 21:25:22,696 [INFO] [MainThread] [root/bar_manager.py:119]: Stopping SystemEventListener...
2026-07-24 21:25:22,969 [INFO] [MainThread] [root/main.py:74]: Previous instance exited, continuing startup.
2026-07-24 21:25:23,478 [INFO] [MainThread] [root/api.py:62]: GitHubDataManager started...
2026-07-24 21:25:23,520 [INFO] [MainThread] [root/service.py:41]: AudioInputService starting...
2026-07-24 21:25:23,582 [INFO] [MainThread] [root/service.py:52]: AudioOutputService starting...
2026-07-24 21:25:25,276 [INFO] [MainThread] [root/bar_manager.py:103]: Starting WindowsNotificationEventListener...
2026-07-24 21:25:25,276 [INFO] [MainThread] [root/bar_manager.py:103]: Starting SystemEventListener...
2026-07-24 21:25:25,278 [INFO] [MainThread] [root/watcher.py:65]: Watching directory: c:\users\moham\.config\yasb
2026-07-24 21:25:25,278 [INFO] [MainThread] [root/watcher.py:104]: Created file watcher
2026-07-24 21:25:25,396 [INFO] [MainThread] [root/update_service.py:434]: Background update checker started
2026-07-24 21:32:16,742 [INFO] [MainThread] [root/controller.py:21]: Reloading Application because of config change.
2026-07-24 21:32:16,857 [INFO] [MainThread] [cli_server/cli_server.py:114]: Log pipe server stopped
2026-07-24 21:32:16,863 [INFO] [MainThread] [root/bar_manager.py:93]: Successfully loaded updated config and re-initialised all bars.
2026-07-24 21:32:17,825 [INFO] [MainThread] [root/log.py:104]: YASB v2.0.5
2026-07-24 21:32:17,826 [INFO] [CLIPipeServer] [cli_server/cli_server.py:216]: CLI server started v1.1.7
2026-07-24 21:32:17,827 [INFO] [MainThread] [cli_server/cli_server.py:106]: Log pipe server started
2026-07-24 21:32:17,827 [INFO] [MainThread] [root/main.py:48]: Waiting for previous YASB instance to exit...
2026-07-24 21:32:18,396 [INFO] [MainThread] [root/bar_manager.py:119]: Stopping WindowsNotificationEventListener...
2026-07-24 21:32:18,414 [INFO] [MainThread] [root/bar_manager.py:119]: Stopping SystemEventListener...
2026-07-24 21:32:18,830 [INFO] [MainThread] [root/main.py:74]: Previous instance exited, continuing startup.
2026-07-24 21:32:19,482 [INFO] [MainThread] [root/api.py:62]: GitHubDataManager started...
2026-07-24 21:32:19,525 [INFO] [MainThread] [root/service.py:41]: AudioInputService starting...
2026-07-24 21:32:19,596 [INFO] [MainThread] [root/service.py:52]: AudioOutputService starting...
2026-07-24 21:32:21,662 [INFO] [MainThread] [root/bar_manager.py:103]: Starting WindowsNotificationEventListener...
2026-07-24 21:32:21,663 [INFO] [MainThread] [root/bar_manager.py:103]: Starting SystemEventListener...
2026-07-24 21:32:21,665 [INFO] [MainThread] [root/watcher.py:65]: Watching directory: c:\users\moham\.config\yasb
2026-07-24 21:32:21,665 [INFO] [MainThread] [root/watcher.py:104]: Created file watcher
2026-07-24 21:32:21,774 [INFO] [MainThread] [root/update_service.py:434]: Background update checker started
2026-07-24 21:35:14,743 [INFO] [MainThread] [root/controller.py:21]: Reloading Application from tray...
2026-07-24 21:35:14,847 [INFO] [MainThread] [cli_server/cli_server.py:114]: Log pipe server stopped
2026-07-24 21:35:15,819 [INFO] [MainThread] [root/log.py:104]: YASB v2.0.5
2026-07-24 21:35:15,820 [INFO] [CLIPipeServer] [cli_server/cli_server.py:216]: CLI server started v1.1.7
2026-07-24 21:35:15,820 [INFO] [MainThread] [cli_server/cli_server.py:106]: Log pipe server started
2026-07-24 21:35:15,821 [INFO] [MainThread] [root/main.py:48]: Waiting for previous YASB instance to exit...
2026-07-24 21:35:16,226 [INFO] [MainThread] [root/bar_manager.py:119]: Stopping WindowsNotificationEventListener...
2026-07-24 21:35:16,356 [INFO] [MainThread] [root/bar_manager.py:119]: Stopping SystemEventListener...
2026-07-24 21:35:16,573 [INFO] [MainThread] [root/main.py:74]: Previous instance exited, continuing startup.
2026-07-24 21:35:17,381 [INFO] [MainThread] [root/api.py:62]: GitHubDataManager started...
2026-07-24 21:35:17,424 [INFO] [MainThread] [root/service.py:41]: AudioInputService starting...
2026-07-24 21:35:17,490 [INFO] [MainThread] [root/service.py:52]: AudioOutputService starting...
2026-07-24 21:35:19,653 [INFO] [MainThread] [root/bar_manager.py:103]: Starting WindowsNotificationEventListener...
2026-07-24 21:35:19,653 [INFO] [MainThread] [root/bar_manager.py:103]: Starting SystemEventListener...
2026-07-24 21:35:19,654 [INFO] [MainThread] [root/watcher.py:65]: Watching directory: c:\users\moham\.config\yasb
2026-07-24 21:35:19,654 [INFO] [MainThread] [root/watcher.py:104]: Created file watcher
2026-07-24 21:35:19,798 [INFO] [MainThread] [root/update_service.py:434]: Background update checker started
2026-07-24 21:36:18,660 [INFO] [MainThread] [root/bar_helper.py:594]: AppBarManager need to re-register 2 bars
2026-07-24 21:36:19,245 [INFO] [MainThread] [root/bar_helper.py:603]: Re-registered AppBar for primary-bar_PLAYER MSG12_ba77c629 (space reservation + fullscreen)
2026-07-24 21:36:20,191 [INFO] [MainThread] [root/bar_helper.py:603]: Re-registered AppBar for primary-bar_L20T-1 ECO_df80804e (space reservation + fullscreen)
2026-07-24 21:44:28,188 [INFO] [CLIPipeServer] [cli_server/cli_server.py:257]: CLI server received command: reload
2026-07-24 21:44:28,188 [INFO] [CLIPipeServer] [root/controller.py:21]: Reloading Application from CLI...
2026-07-24 21:44:28,294 [INFO] [CLIPipeServer] [cli_server/cli_server.py:114]: Log pipe server stopped
2026-07-24 21:44:28,808 [INFO] [Thread-10 (_restart_pipe_server)] [cli_server/cli_server.py:114]: Log pipe server stopped
2026-07-24 21:44:28,809 [INFO] [Thread-11 (_run_server)] [cli_server/cli_server.py:216]: CLI server started v1.1.7
2026-07-24 21:44:28,809 [INFO] [Thread-10 (_restart_pipe_server)] [cli_server/cli_server.py:106]: Log pipe server started
2026-07-24 21:44:29,298 [INFO] [MainThread] [root/bar_manager.py:119]: Stopping WindowsNotificationEventListener...
2026-07-24 21:44:29,303 [INFO] [MainThread] [root/bar_manager.py:119]: Stopping SystemEventListener...
2026-07-24 21:44:29,511 [INFO] [MainThread] [root/log.py:104]: YASB v2.0.5
2026-07-24 21:44:29,512 [INFO] [CLIPipeServer] [cli_server/cli_server.py:216]: CLI server started v1.1.7
2026-07-24 21:44:29,512 [INFO] [MainThread] [cli_server/cli_server.py:106]: Log pipe server started
2026-07-24 21:44:30,053 [INFO] [MainThread] [root/api.py:62]: GitHubDataManager started...
2026-07-24 21:44:30,095 [INFO] [MainThread] [root/service.py:41]: AudioInputService starting...
2026-07-24 21:44:30,161 [INFO] [MainThread] [root/service.py:52]: AudioOutputService starting...
2026-07-24 21:44:31,390 [INFO] [MainThread] [root/bar_manager.py:103]: Starting SystemEventListener...
2026-07-24 21:44:31,390 [INFO] [MainThread] [root/bar_manager.py:103]: Starting WindowsNotificationEventListener...
2026-07-24 21:44:31,392 [INFO] [MainThread] [root/watcher.py:65]: Watching directory: c:\users\moham\.config\yasb
2026-07-24 21:44:31,392 [INFO] [MainThread] [root/watcher.py:104]: Created file watcher
2026-07-24 21:44:31,491 [INFO] [MainThread] [root/update_service.py:434]: Background update checker started
2026-07-24 21:58:23,148 [INFO] [CLIPipeServer] [cli_server/cli_server.py:257]: CLI server received command: reload
2026-07-24 21:58:23,148 [INFO] [CLIPipeServer] [root/controller.py:21]: Reloading Application from CLI...
2026-07-24 21:58:23,256 [INFO] [CLIPipeServer] [cli_server/cli_server.py:114]: Log pipe server stopped
2026-07-24 21:58:23,305 [INFO] [MainThread] [root/bar_manager.py:119]: Stopping SystemEventListener...
2026-07-24 21:58:23,308 [INFO] [MainThread] [root/bar_manager.py:119]: Stopping WindowsNotificationEventListener...
2026-07-24 21:58:24,272 [INFO] [MainThread] [root/log.py:104]: YASB v2.0.5
2026-07-24 21:58:24,272 [INFO] [CLIPipeServer] [cli_server/cli_server.py:216]: CLI server started v1.1.7
2026-07-24 21:58:24,273 [INFO] [MainThread] [cli_server/cli_server.py:106]: Log pipe server started
2026-07-24 21:58:25,295 [INFO] [MainThread] [root/api.py:62]: GitHubDataManager started...
2026-07-24 21:58:25,399 [INFO] [MainThread] [root/service.py:41]: AudioInputService starting...
2026-07-24 21:58:25,528 [INFO] [MainThread] [root/service.py:52]: AudioOutputService starting...
2026-07-24 21:58:27,054 [INFO] [MainThread] [root/bar_manager.py:103]: Starting WindowsNotificationEventListener...
2026-07-24 21:58:27,055 [INFO] [MainThread] [root/bar_manager.py:103]: Starting SystemEventListener...
2026-07-24 21:58:27,058 [INFO] [MainThread] [root/watcher.py:65]: Watching directory: c:\users\moham\.config\yasb
2026-07-24 21:58:27,058 [INFO] [MainThread] [root/watcher.py:104]: Created file watcher
2026-07-24 21:58:27,175 [INFO] [MainThread] [root/update_service.py:434]: Background update checker started
2026-07-24 21:58:28,321 [INFO] [MainThread] [root/bar_helper.py:594]: AppBarManager need to re-register 2 bars
2026-07-24 21:58:28,831 [INFO] [MainThread] [root/bar_helper.py:603]: Re-registered AppBar for primary-bar_PLAYER MSG12_5c28eb11 (space reservation + fullscreen)
2026-07-24 21:58:29,958 [INFO] [MainThread] [root/bar_helper.py:603]: Re-registered AppBar for primary-bar_L20T-1 ECO_d316a8cf (space reservation + fullscreen)
2026-07-24 22:08:14,998 [INFO] [CLIPipeServer] [cli_server/cli_server.py:257]: CLI server received command: reload
2026-07-24 22:08:14,999 [INFO] [CLIPipeServer] [root/controller.py:21]: Reloading Application from CLI...
2026-07-24 22:08:15,103 [INFO] [CLIPipeServer] [cli_server/cli_server.py:114]: Log pipe server stopped
2026-07-24 22:08:15,159 [INFO] [MainThread] [root/bar_manager.py:119]: Stopping WindowsNotificationEventListener...
2026-07-24 22:08:15,161 [INFO] [MainThread] [root/bar_manager.py:119]: Stopping SystemEventListener...
2026-07-24 22:08:16,026 [INFO] [MainThread] [root/log.py:104]: YASB v2.0.5
2026-07-24 22:08:16,027 [INFO] [CLIPipeServer] [cli_server/cli_server.py:216]: CLI server started v1.1.7
2026-07-24 22:08:16,027 [INFO] [MainThread] [cli_server/cli_server.py:106]: Log pipe server started
2026-07-24 22:08:16,881 [INFO] [MainThread] [root/api.py:62]: GitHubDataManager started...
2026-07-24 22:08:16,952 [INFO] [MainThread] [root/service.py:41]: AudioInputService starting...
2026-07-24 22:08:17,140 [INFO] [MainThread] [root/service.py:52]: AudioOutputService starting...
2026-07-24 22:08:18,751 [INFO] [MainThread] [root/bar_manager.py:103]: Starting WindowsNotificationEventListener...
2026-07-24 22:08:18,752 [INFO] [MainThread] [root/bar_manager.py:103]: Starting SystemEventListener...
2026-07-24 22:08:18,755 [INFO] [MainThread] [root/watcher.py:65]: Watching directory: c:\users\moham\.config\yasb
2026-07-24 22:08:18,755 [INFO] [MainThread] [root/watcher.py:104]: Created file watcher
2026-07-24 22:08:18,878 [INFO] [MainThread] [root/update_service.py:434]: Background update checker started
2026-07-24 22:08:20,332 [INFO] [MainThread] [root/bar_helper.py:594]: AppBarManager need to re-register 2 bars
2026-07-24 22:08:21,124 [INFO] [MainThread] [root/bar_helper.py:603]: Re-registered AppBar for primary-bar_PLAYER MSG12_4da195f9 (space reservation + fullscreen)
2026-07-24 22:08:22,156 [INFO] [MainThread] [root/bar_helper.py:603]: Re-registered AppBar for primary-bar_L20T-1 ECO_0e7e6077 (space reservation + fullscreen)
Windows fatal exception: code 0x8001010d

Thread 0x00001d04 [asyncio_0] (most recent call first):
  File "C:\hostedtoolcache\windows\Python\3.14.6\x64\Lib\threading.py", line 373 in wait
  File "C:\hostedtoolcache\windows\Python\3.14.6\x64\Lib\threading.py", line 670 in wait
  File "C:\hostedtoolcache\windows\Python\3.14.6\x64\Lib\concurrent\futures\thread.py", line 73 in run
  File "C:\hostedtoolcache\windows\Python\3.14.6\x64\Lib\concurrent\futures\thread.py", line 86 in run
  File "C:\hostedtoolcache\windows\Python\3.14.6\x64\Lib\concurrent\futures\thread.py", line 119 in _worker
  File "C:\hostedtoolcache\windows\Python\3.14.6\x64\Lib\threading.py", line 1024 in run
  File "C:\hostedtoolcache\windows\Python\3.14.6\x64\Lib\threading.py", line 1082 in _bootstrap_inner
  File "C:\hostedtoolcache\windows\Python\3.14.6\x64\Lib\threading.py", line 1044 in _bootstrap

Thread 0x00000570 [Thread-5] (most recent call first):
  File "C:\hostedtoolcache\windows\Python\3.14.6\x64\Lib\threading.py", line 369 in wait
  File "C:\hostedtoolcache\windows\Python\3.14.6\x64\Lib\queue.py", line 199 in get
  File "D:\a\yasb\yasb\venv\Lib\site-packages\watchdog\observers\api.py", line 379 in dispatch_events
  File "D:\a\yasb\yasb\venv\Lib\site-packages\watchdog\observers\api.py", line 213 in run
  File "C:\hostedtoolcache\windows\Python\3.14.6\x64\Lib\threading.py", line 1082 in _bootstrap_inner
  File "C:\hostedtoolcache\windows\Python\3.14.6\x64\Lib\threading.py", line 1044 in _bootstrap

Thread 0x00001164 [SystemEventListener] (most recent call first):
  File "D:\a\yasb\yasb\src\core\utils\win32\event_listener.py", line 69 in run

Thread 0x00004368 [WindowsNotificationEventListener] (most recent call first):
  File "C:\hostedtoolcache\windows\Python\3.14.6\x64\Lib\asyncio\windows_events.py", line 778 in _poll
  File "C:\hostedtoolcache\windows\Python\3.14.6\x64\Lib\asyncio\windows_events.py", line 446 in select
  File "C:\hostedtoolcache\windows\Python\3.14.6\x64\Lib\asyncio\base_events.py", line 2018 in _run_once
  File "C:\hostedtoolcache\windows\Python\3.14.6\x64\Lib\asyncio\base_events.py", line 677 in run_forever
  File "C:\hostedtoolcache\windows\Python\3.14.6\x64\Lib\asyncio\base_events.py", line 706 in run_until_complete
  File "D:\a\yasb\yasb\src\core\widgets\services\notifications\windows_notification.py", line 101 in run

Thread 0x000046d8 [Thread-6] (most recent call first):
  File "D:\a\yasb\yasb\venv\Lib\site-packages\watchdog\observers\winapi.py", line 326 in read_directory_changes
  File "D:\a\yasb\yasb\venv\Lib\site-packages\watchdog\observers\winapi.py", line 380 in read_events
  File "D:\a\yasb\yasb\venv\Lib\site-packages\watchdog\observers\read_directory_changes.py", line 67 in _read_events
  File "D:\a\yasb\yasb\venv\Lib\site-packages\watchdog\observers\read_directory_changes.py", line 70 in queue_events
  File "D:\a\yasb\yasb\venv\Lib\site-packages\watchdog\observers\api.py", line 158 in run
  File "C:\hostedtoolcache\windows\Python\3.14.6\x64\Lib\threading.py", line 1082 in _bootstrap_inner
  File "C:\hostedtoolcache\windows\Python\3.14.6\x64\Lib\threading.py", line 1044 in _bootstrap

Thread 0x00004e8c [MemoryWorker] (most recent call first):
  File "D:\a\yasb\yasb\src\core\widgets\services\memory\memory_api.py", line 244 in run

Thread 0x00004ff8 [CpuWorker] (most recent call first):
  File "D:\a\yasb\yasb\src\core\widgets\services\cpu\cpu_api.py", line 340 in run

Thread 0x00003a4c [_EventWorker] (most recent call first):
  File "D:\a\yasb\yasb\venv\Lib\site-packages\qasync\_windows.py", line 147 in _poll
  File "D:\a\yasb\yasb\venv\Lib\site-packages\qasync\_windows.py", line 72 in select
  File "D:\a\yasb\yasb\venv\Lib\site-packages\qasync\_windows.py", line 199 in run

Thread 0x00002d20 [LogPipeServer] (most recent call first):
  File "D:\a\yasb\yasb\src\core\utils\win32\bindings\kernel32.py", line 288 in ConnectNamedPipe
  File "D:\a\yasb\yasb\src\core\utils\cli_server.py", line 138 in _run_server
  File "C:\hostedtoolcache\windows\Python\3.14.6\x64\Lib\threading.py", line 1024 in run
  File "C:\hostedtoolcache\windows\Python\3.14.6\x64\Lib\threading.py", line 1082 in _bootstrap_inner
  File "C:\hostedtoolcache\windows\Python\3.14.6\x64\Lib\threading.py", line 1044 in _bootstrap

Thread 0x000040cc [CLIPipeServer] (most recent call first):
  File "D:\a\yasb\yasb\src\core\utils\win32\bindings\kernel32.py", line 288 in ConnectNamedPipe
  File "D:\a\yasb\yasb\src\core\utils\cli_server.py", line 235 in _run_server
  File "C:\hostedtoolcache\windows\Python\3.14.6\x64\Lib\threading.py", line 1024 in run
  File "C:\hostedtoolcache\windows\Python\3.14.6\x64\Lib\threading.py", line 1082 in _bootstrap_inner
  File "C:\hostedtoolcache\windows\Python\3.14.6\x64\Lib\threading.py", line 1044 in _bootstrap

Current thread 0x000033cc (most recent call first):
  File "D:\a\yasb\yasb\venv\Lib\site-packages\qasync\__init__.py", line 404 in run_forever
  File "D:\a\yasb\yasb\venv\Lib\site-packages\qasync\__init__.py", line 428 in run_until_complete
  File "main.py", line 100 in main
  File "main.py", line 203 in <module>
  File "D:\a\yasb\yasb\venv\Lib\site-packages\freeze_core\initscripts\console.py", line 27 in run
  File "D:\a\yasb\yasb\venv\Lib\site-packages\freeze_core\initscripts\__startup__.py", line 137 in run

Current thread's C stack trace (most recent call first):
  <cannot get C stack on this system>
2026-07-25 00:37:57,746 [INFO] [CLIPipeServer] [cli_server/cli_server.py:257]: CLI server received command: reload
2026-07-25 00:37:57,779 [INFO] [CLIPipeServer] [root/controller.py:21]: Reloading Application from CLI...
2026-07-25 00:37:57,884 [INFO] [CLIPipeServer] [cli_server/cli_server.py:114]: Log pipe server stopped
2026-07-25 00:37:58,023 [INFO] [MainThread] [root/bar_manager.py:119]: Stopping WindowsNotificationEventListener...
2026-07-25 00:37:58,035 [INFO] [MainThread] [root/bar_manager.py:119]: Stopping SystemEventListener...
2026-07-25 00:37:59,284 [INFO] [MainThread] [root/log.py:104]: YASB v2.0.5
2026-07-25 00:37:59,285 [INFO] [CLIPipeServer] [cli_server/cli_server.py:216]: CLI server started v1.1.7
2026-07-25 00:37:59,286 [INFO] [MainThread] [cli_server/cli_server.py:106]: Log pipe server started
2026-07-25 00:38:00,935 [INFO] [MainThread] [root/api.py:62]: GitHubDataManager started...
2026-07-25 00:38:01,022 [INFO] [MainThread] [root/service.py:41]: AudioInputService starting...
2026-07-25 00:38:01,126 [INFO] [MainThread] [root/service.py:52]: AudioOutputService starting...
2026-07-25 00:38:03,216 [INFO] [MainThread] [root/bar_manager.py:103]: Starting WindowsNotificationEventListener...
2026-07-25 00:38:03,217 [INFO] [MainThread] [root/bar_manager.py:103]: Starting SystemEventListener...
2026-07-25 00:38:03,219 [INFO] [MainThread] [root/watcher.py:65]: Watching directory: c:\users\moham\.config\yasb
2026-07-25 00:38:03,220 [INFO] [MainThread] [root/watcher.py:104]: Created file watcher
2026-07-25 00:38:03,301 [INFO] [MainThread] [root/update_service.py:434]: Background update checker started
2026-07-25 00:38:05,381 [INFO] [MainThread] [root/bar_helper.py:594]: AppBarManager need to re-register 2 bars
2026-07-25 00:38:06,370 [INFO] [MainThread] [root/bar_helper.py:603]: Re-registered AppBar for primary-bar_PLAYER MSG12_8ff80114 (space reservation + fullscreen)
2026-07-25 00:38:07,423 [INFO] [MainThread] [root/bar_helper.py:603]: Re-registered AppBar for primary-bar_L20T-1 ECO_9b9ebe83 (space reservation + fullscreen)
2026-07-25 01:04:47,422 [INFO] [CLIPipeServer] [cli_server/cli_server.py:257]: CLI server received command: reload
2026-07-25 01:04:47,423 [INFO] [CLIPipeServer] [root/controller.py:21]: Reloading Application from CLI...
2026-07-25 01:04:47,533 [INFO] [CLIPipeServer] [cli_server/cli_server.py:114]: Log pipe server stopped
2026-07-25 01:04:48,034 [INFO] [Thread-8 (_restart_pipe_server)] [cli_server/cli_server.py:114]: Log pipe server stopped
2026-07-25 01:04:48,034 [INFO] [Thread-9 (_run_server)] [cli_server/cli_server.py:216]: CLI server started v1.1.7
2026-07-25 01:04:48,035 [INFO] [Thread-8 (_restart_pipe_server)] [cli_server/cli_server.py:106]: Log pipe server started
2026-07-25 01:04:48,577 [INFO] [MainThread] [root/bar_manager.py:119]: Stopping WindowsNotificationEventListener...
2026-07-25 01:04:48,583 [INFO] [MainThread] [root/bar_manager.py:119]: Stopping SystemEventListener...
2026-07-25 01:04:48,648 [INFO] [MainThread] [root/log.py:104]: YASB v2.0.5
2026-07-25 01:04:48,649 [INFO] [CLIPipeServer] [cli_server/cli_server.py:216]: CLI server started v1.1.7
2026-07-25 01:04:48,650 [INFO] [MainThread] [cli_server/cli_server.py:106]: Log pipe server started
2026-07-25 01:04:48,651 [INFO] [MainThread] [root/main.py:48]: Waiting for previous YASB instance to exit...
2026-07-25 01:04:48,902 [INFO] [MainThread] [root/main.py:74]: Previous instance exited, continuing startup.
2026-07-25 01:04:49,683 [INFO] [MainThread] [root/api.py:62]: GitHubDataManager started...
2026-07-25 01:04:49,726 [INFO] [MainThread] [root/service.py:41]: AudioInputService starting...
2026-07-25 01:04:49,797 [INFO] [MainThread] [root/service.py:52]: AudioOutputService starting...
2026-07-25 01:04:51,158 [INFO] [MainThread] [root/bar_manager.py:103]: Starting SystemEventListener...
2026-07-25 01:04:51,158 [INFO] [MainThread] [root/bar_manager.py:103]: Starting WindowsNotificationEventListener...
2026-07-25 01:04:51,160 [INFO] [MainThread] [root/watcher.py:65]: Watching directory: c:\users\moham\.config\yasb
2026-07-25 01:04:51,160 [INFO] [MainThread] [root/watcher.py:104]: Created file watcher
2026-07-25 01:04:51,236 [INFO] [MainThread] [root/update_service.py:434]: Background update checker started
2026-07-25 01:27:04,990 [INFO] [MainThread] [root/controller.py:43]: Exiting Application...
2026-07-25 01:27:05,106 [INFO] [MainThread] [cli_server/cli_server.py:114]: Log pipe server stopped
2026-07-25 01:27:05,537 [INFO] [MainThread] [root/bar_manager.py:119]: Stopping SystemEventListener...
2026-07-25 01:27:05,544 [INFO] [MainThread] [root/bar_manager.py:119]: Stopping WindowsNotificationEventListener...
2026-07-25 06:44:50,566 [INFO] [MainThread] [root/log.py:104]: YASB v2.0.5
2026-07-25 06:44:50,567 [INFO] [CLIPipeServer] [cli_server/cli_server.py:216]: CLI server started v1.1.7
2026-07-25 06:44:50,567 [INFO] [MainThread] [cli_server/cli_server.py:106]: Log pipe server started
2026-07-25 06:44:51,931 [INFO] [MainThread] [root/api.py:62]: GitHubDataManager started...
2026-07-25 06:44:51,997 [INFO] [MainThread] [root/service.py:41]: AudioInputService starting...
2026-07-25 06:44:52,068 [INFO] [MainThread] [root/service.py:52]: AudioOutputService starting...
2026-07-25 06:44:52,548 [INFO] [MainThread] [root/bar_manager.py:103]: Starting SystemEventListener...
2026-07-25 06:44:52,549 [INFO] [MainThread] [root/bar_manager.py:103]: Starting WindowsNotificationEventListener...
2026-07-25 06:44:52,550 [INFO] [MainThread] [root/watcher.py:65]: Watching directory: c:\users\moham\.config\yasb
2026-07-25 06:44:52,551 [INFO] [MainThread] [root/watcher.py:104]: Created file watcher
2026-07-25 06:44:52,673 [INFO] [MainThread] [root/update_service.py:434]: Background update checker started
2026-07-25 06:44:52,833 [WARNING] [UpdateChecker] [root/update_service.py:300]: Network error checking for updates: [Errno 11001] getaddrinfo failed
2026-07-25 06:44:52,833 [WARNING] [UpdateChecker] [root/update_service.py:430]: Background update check failed: <urlopen error [Errno 11001] getaddrinfo failed>
2026-07-25 06:45:00,741 [WARNING] [MainThread] [glazewm_client/client.py:134]: WebSocket error: SocketError.ConnectionRefusedError. Reconnecting...
2026-07-25 06:45:00,922 [WARNING] [MainThread] [glazewm_client/client.py:134]: WebSocket error: SocketError.ConnectionRefusedError. Reconnecting...
2026-07-25 06:49:40,136 [WARNING] [MainThread] [glazewm_client/client.py:134]: WebSocket error: SocketError.RemoteHostClosedError. Reconnecting...
2026-07-25 06:49:40,153 [INFO] [MainThread] [root/bar_manager.py:119]: Stopping SystemEventListener...
2026-07-25 06:49:40,161 [INFO] [MainThread] [root/bar_manager.py:119]: Stopping WindowsNotificationEventListener...
2026-07-25 07:17:08,358 [INFO] [MainThread] [root/log.py:104]: YASB v2.0.5
2026-07-25 07:17:08,359 [INFO] [CLIPipeServer] [cli_server/cli_server.py:216]: CLI server started v1.1.7
2026-07-25 07:17:08,360 [INFO] [MainThread] [cli_server/cli_server.py:106]: Log pipe server started
2026-07-25 07:17:09,629 [INFO] [MainThread] [root/api.py:62]: GitHubDataManager started...
2026-07-25 07:17:09,696 [INFO] [MainThread] [root/service.py:41]: AudioInputService starting...
2026-07-25 07:17:09,764 [INFO] [MainThread] [root/service.py:52]: AudioOutputService starting...
2026-07-25 07:17:10,493 [INFO] [MainThread] [root/bar_manager.py:103]: Starting SystemEventListener...
2026-07-25 07:17:10,493 [INFO] [MainThread] [root/bar_manager.py:103]: Starting WindowsNotificationEventListener...
2026-07-25 07:17:10,495 [INFO] [MainThread] [root/watcher.py:65]: Watching directory: c:\users\moham\.config\yasb
2026-07-25 07:17:10,495 [INFO] [MainThread] [root/watcher.py:104]: Created file watcher
2026-07-25 07:17:10,583 [INFO] [MainThread] [root/update_service.py:434]: Background update checker started
2026-07-25 07:17:10,754 [WARNING] [UpdateChecker] [root/update_service.py:300]: Network error checking for updates: [Errno 11001] getaddrinfo failed
2026-07-25 07:17:10,754 [WARNING] [UpdateChecker] [root/update_service.py:430]: Background update check failed: <urlopen error [Errno 11001] getaddrinfo failed>
2026-07-25 09:28:57,813 [INFO] [CLIPipeServer] [cli_server/cli_server.py:257]: CLI server received command: reload
2026-07-25 09:28:57,814 [INFO] [CLIPipeServer] [root/controller.py:21]: Reloading Application from CLI...
2026-07-25 09:28:57,923 [INFO] [CLIPipeServer] [cli_server/cli_server.py:114]: Log pipe server stopped
2026-07-25 09:28:58,095 [INFO] [MainThread] [root/bar_manager.py:119]: Stopping SystemEventListener...
2026-07-25 09:28:58,101 [INFO] [MainThread] [root/bar_manager.py:119]: Stopping WindowsNotificationEventListener...
2026-07-25 09:28:58,788 [INFO] [MainThread] [root/log.py:104]: YASB v2.0.5
2026-07-25 09:28:58,789 [INFO] [CLIPipeServer] [cli_server/cli_server.py:216]: CLI server started v1.1.7
2026-07-25 09:28:58,790 [INFO] [MainThread] [cli_server/cli_server.py:106]: Log pipe server started
2026-07-25 09:28:59,732 [INFO] [MainThread] [root/api.py:62]: GitHubDataManager started...
2026-07-25 09:28:59,824 [INFO] [MainThread] [root/service.py:41]: AudioInputService starting...
2026-07-25 09:28:59,934 [INFO] [MainThread] [root/service.py:52]: AudioOutputService starting...
2026-07-25 09:29:01,494 [INFO] [MainThread] [root/bar_manager.py:103]: Starting SystemEventListener...
2026-07-25 09:29:01,495 [INFO] [MainThread] [root/bar_manager.py:103]: Starting WindowsNotificationEventListener...
2026-07-25 09:29:01,498 [INFO] [MainThread] [root/watcher.py:65]: Watching directory: c:\users\moham\.config\yasb
2026-07-25 09:29:01,499 [INFO] [MainThread] [root/watcher.py:104]: Created file watcher
2026-07-25 09:29:01,573 [INFO] [MainThread] [root/update_service.py:434]: Background update checker started
2026-07-25 09:29:03,478 [INFO] [MainThread] [root/bar_helper.py:594]: AppBarManager need to re-register 2 bars
2026-07-25 09:29:04,446 [INFO] [MainThread] [root/bar_helper.py:603]: Re-registered AppBar for primary-bar_PLAYER MSG12_d6a157b5 (space reservation + fullscreen)
2026-07-25 09:29:05,218 [INFO] [MainThread] [root/bar_helper.py:603]: Re-registered AppBar for primary-bar_L20T-1 ECO_08d501f9 (space reservation + fullscreen)
2026-07-25 09:29:32,727 [INFO] [MainThread] [root/bar_helper.py:594]: AppBarManager need to re-register 2 bars
2026-07-25 09:29:32,897 [INFO] [MainThread] [root/bar_helper.py:603]: Re-registered AppBar for primary-bar_PLAYER MSG12_d6a157b5 (space reservation + fullscreen)
2026-07-25 09:29:33,272 [INFO] [MainThread] [root/bar_helper.py:603]: Re-registered AppBar for primary-bar_L20T-1 ECO_08d501f9 (space reservation + fullscreen)
2026-07-25 10:43:40,475 [INFO] [MainThread] [root/log.py:104]: YASB v2.0.5
2026-07-25 10:43:40,476 [INFO] [CLIPipeServer] [cli_server/cli_server.py:216]: CLI server started v1.1.7
2026-07-25 10:43:40,476 [INFO] [MainThread] [cli_server/cli_server.py:106]: Log pipe server started
2026-07-25 10:43:41,571 [INFO] [MainThread] [root/api.py:62]: GitHubDataManager started...
2026-07-25 10:43:41,637 [INFO] [MainThread] [root/service.py:41]: AudioInputService starting...
2026-07-25 10:43:41,705 [INFO] [MainThread] [root/service.py:52]: AudioOutputService starting...
2026-07-25 10:43:42,379 [INFO] [MainThread] [root/bar_manager.py:103]: Starting SystemEventListener...
2026-07-25 10:43:42,379 [INFO] [MainThread] [root/bar_manager.py:103]: Starting WindowsNotificationEventListener...
2026-07-25 10:43:42,383 [INFO] [MainThread] [root/watcher.py:65]: Watching directory: c:\users\moham\.config\yasb
2026-07-25 10:43:42,383 [INFO] [MainThread] [root/watcher.py:104]: Created file watcher
2026-07-25 10:43:42,528 [INFO] [MainThread] [root/update_service.py:434]: Background update checker started
2026-07-25 11:40:08,813 [INFO] [MainThread] [root/bar_helper.py:594]: AppBarManager need to re-register 2 bars
2026-07-25 11:40:09,108 [INFO] [MainThread] [root/bar_helper.py:603]: Re-registered AppBar for primary-bar_PLAYER MSG12_45275311 (space reservation + fullscreen)
2026-07-25 11:40:09,571 [INFO] [MainThread] [root/bar_helper.py:603]: Re-registered AppBar for primary-bar_L20T-1 ECO_d5153af0 (space reservation + fullscreen)
2026-07-25 11:49:48,472 [INFO] [MainThread] [root/controller.py:21]: Reloading Application because of config change.
2026-07-25 11:49:48,572 [INFO] [MainThread] [cli_server/cli_server.py:114]: Log pipe server stopped
2026-07-25 11:49:48,580 [INFO] [MainThread] [root/bar_manager.py:93]: Successfully loaded updated config and re-initialised all bars.
2026-07-25 11:49:49,524 [INFO] [MainThread] [root/bar_manager.py:119]: Stopping SystemEventListener...
2026-07-25 11:49:49,545 [INFO] [MainThread] [root/bar_manager.py:119]: Stopping WindowsNotificationEventListener...
2026-07-25 11:49:49,551 [INFO] [MainThread] [root/log.py:104]: YASB v2.0.5
2026-07-25 11:49:49,552 [INFO] [CLIPipeServer] [cli_server/cli_server.py:216]: CLI server started v1.1.7
2026-07-25 11:49:49,553 [INFO] [MainThread] [cli_server/cli_server.py:106]: Log pipe server started
2026-07-25 11:49:49,554 [INFO] [MainThread] [root/main.py:48]: Waiting for previous YASB instance to exit...
2026-07-25 11:49:49,807 [INFO] [MainThread] [root/main.py:74]: Previous instance exited, continuing startup.
2026-07-25 11:49:50,454 [INFO] [MainThread] [root/api.py:62]: GitHubDataManager started...
2026-07-25 11:49:50,504 [INFO] [MainThread] [root/service.py:41]: AudioInputService starting...
2026-07-25 11:49:50,582 [INFO] [MainThread] [root/service.py:52]: AudioOutputService starting...
2026-07-25 11:49:51,619 [INFO] [MainThread] [root/bar_manager.py:103]: Starting WindowsNotificationEventListener...
2026-07-25 11:49:51,620 [INFO] [MainThread] [root/bar_manager.py:103]: Starting SystemEventListener...
2026-07-25 11:49:51,621 [INFO] [MainThread] [root/watcher.py:65]: Watching directory: c:\users\moham\.config\yasb
2026-07-25 11:49:51,622 [INFO] [MainThread] [root/watcher.py:104]: Created file watcher
2026-07-25 11:49:51,751 [INFO] [MainThread] [root/update_service.py:434]: Background update checker started
2026-07-25 11:52:08,802 [INFO] [MainThread] [root/log.py:104]: YASB v2.0.5
2026-07-25 11:52:08,802 [INFO] [CLIPipeServer] [cli_server/cli_server.py:216]: CLI server started v1.1.7
2026-07-25 11:52:08,803 [INFO] [MainThread] [cli_server/cli_server.py:106]: Log pipe server started
2026-07-25 11:52:09,310 [INFO] [MainThread] [root/api.py:62]: GitHubDataManager started...
2026-07-25 11:52:09,359 [INFO] [MainThread] [root/service.py:41]: AudioInputService starting...
2026-07-25 11:52:09,429 [INFO] [MainThread] [root/service.py:52]: AudioOutputService starting...
2026-07-25 11:52:10,308 [INFO] [MainThread] [root/bar_manager.py:103]: Starting WindowsNotificationEventListener...
2026-07-25 11:52:10,309 [INFO] [MainThread] [root/bar_manager.py:103]: Starting SystemEventListener...
2026-07-25 11:52:10,310 [INFO] [MainThread] [root/watcher.py:65]: Watching directory: c:\users\moham\.config\yasb
2026-07-25 11:52:10,310 [INFO] [MainThread] [root/watcher.py:104]: Created file watcher
2026-07-25 11:52:10,399 [INFO] [MainThread] [root/update_service.py:434]: Background update checker started
2026-07-25 11:53:51,616 [INFO] [Thread-9 (poll_for_token)] [root/auth.py:37]: GitHubAuth token saved successfully.
2026-07-25 15:33:15,213 [INFO] [MainThread] [root/log.py:104]: YASB v2.0.5
2026-07-25 15:33:15,214 [INFO] [CLIPipeServer] [cli_server/cli_server.py:216]: CLI server started v1.1.7
2026-07-25 15:33:15,214 [INFO] [MainThread] [cli_server/cli_server.py:106]: Log pipe server started
2026-07-25 15:33:16,245 [ERROR] [MainThread] [root/traffic_manager.py:163]: Error loading traffic data for interface auto: Expecting value: line 1 column 1 (char 0)
2026-07-25 15:33:16,314 [INFO] [MainThread] [root/api.py:62]: GitHubDataManager started...
2026-07-25 15:33:16,423 [INFO] [MainThread] [root/service.py:41]: AudioInputService starting...
2026-07-25 15:33:16,492 [INFO] [MainThread] [root/service.py:52]: AudioOutputService starting...
2026-07-25 15:33:17,307 [INFO] [MainThread] [root/bar_manager.py:103]: Starting SystemEventListener...
2026-07-25 15:33:17,308 [INFO] [MainThread] [root/bar_manager.py:103]: Starting WindowsNotificationEventListener...
2026-07-25 15:33:17,310 [INFO] [MainThread] [root/watcher.py:65]: Watching directory: c:\users\moham\.config\yasb
2026-07-25 15:33:17,310 [INFO] [MainThread] [root/watcher.py:104]: Created file watcher
2026-07-25 15:33:17,470 [INFO] [MainThread] [root/update_service.py:434]: Background update checker started
2026-07-25 15:33:28,449 [ERROR] [Thread-3 (_fetch)] [root/api.py:263]: GitHubDataManager no internet connection. Unable to fetch notifications.
2026-07-25 15:33:40,486 [WARNING] [UpdateChecker] [root/update_service.py:300]: Network error checking for updates: [Errno 11001] getaddrinfo failed
2026-07-25 15:33:40,487 [WARNING] [UpdateChecker] [root/update_service.py:430]: Background update check failed: <urlopen error [Errno 11001] getaddrinfo failed>
2026-07-25 16:54:03,227 [INFO] [MainThread] [root/log.py:104]: YASB v2.0.5
2026-07-25 16:54:03,227 [INFO] [CLIPipeServer] [cli_server/cli_server.py:216]: CLI server started v1.1.7
2026-07-25 16:54:03,228 [INFO] [MainThread] [cli_server/cli_server.py:106]: Log pipe server started
2026-07-25 16:54:04,258 [ERROR] [MainThread] [root/traffic_manager.py:163]: Error loading traffic data for interface auto: Expecting value: line 1 column 1 (char 0)
2026-07-25 16:54:04,331 [INFO] [MainThread] [root/api.py:62]: GitHubDataManager started...
2026-07-25 16:54:04,429 [ERROR] [Thread-3 (_fetch)] [root/api.py:263]: GitHubDataManager no internet connection. Unable to fetch notifications.
2026-07-25 16:54:04,446 [INFO] [MainThread] [root/service.py:41]: AudioInputService starting...
2026-07-25 16:54:04,518 [INFO] [MainThread] [root/service.py:52]: AudioOutputService starting...
2026-07-25 16:54:05,312 [INFO] [MainThread] [root/bar_manager.py:103]: Starting SystemEventListener...
2026-07-25 16:54:05,312 [INFO] [MainThread] [root/bar_manager.py:103]: Starting WindowsNotificationEventListener...
2026-07-25 16:54:05,314 [INFO] [MainThread] [root/watcher.py:65]: Watching directory: c:\users\moham\.config\yasb
2026-07-25 16:54:05,314 [INFO] [MainThread] [root/watcher.py:104]: Created file watcher
2026-07-25 16:54:05,403 [INFO] [MainThread] [root/update_service.py:434]: Background update checker started
2026-07-25 16:54:05,477 [WARNING] [UpdateChecker] [root/update_service.py:300]: Network error checking for updates: [Errno 11001] getaddrinfo failed
2026-07-25 16:54:05,478 [WARNING] [UpdateChecker] [root/update_service.py:430]: Background update check failed: <urlopen error [Errno 11001] getaddrinfo failed>
2026-07-25 16:54:13,491 [WARNING] [MainThread] [glazewm_client/client.py:134]: WebSocket error: SocketError.ConnectionRefusedError. Reconnecting...
2026-07-25 16:59:15,667 [ERROR] [Thread-9 (_fetch)] [root/api.py:263]: GitHubDataManager no internet connection. Unable to fetch notifications.
2026-07-25 18:33:16,760 [INFO] [MainThread] [root/log.py:104]: YASB v2.0.5
2026-07-25 18:33:16,761 [INFO] [CLIPipeServer] [cli_server/cli_server.py:216]: CLI server started v1.1.7
2026-07-25 18:33:16,761 [INFO] [MainThread] [cli_server/cli_server.py:106]: Log pipe server started
2026-07-25 18:33:17,882 [ERROR] [MainThread] [root/traffic_manager.py:163]: Error loading traffic data for interface auto: Expecting value: line 1 column 1 (char 0)
2026-07-25 18:33:17,950 [INFO] [MainThread] [root/api.py:62]: GitHubDataManager started...
2026-07-25 18:33:18,065 [INFO] [MainThread] [root/service.py:41]: AudioInputService starting...
2026-07-25 18:33:18,152 [INFO] [MainThread] [root/service.py:52]: AudioOutputService starting...
2026-07-25 18:33:18,980 [INFO] [MainThread] [root/bar_manager.py:103]: Starting WindowsNotificationEventListener...
2026-07-25 18:33:18,980 [INFO] [MainThread] [root/bar_manager.py:103]: Starting SystemEventListener...
2026-07-25 18:33:18,982 [INFO] [MainThread] [root/watcher.py:65]: Watching directory: c:\users\moham\.config\yasb
2026-07-25 18:33:18,982 [INFO] [MainThread] [root/watcher.py:104]: Created file watcher
2026-07-25 18:33:19,163 [INFO] [MainThread] [root/update_service.py:434]: Background update checker started
2026-07-25 18:33:43,230 [ERROR] [Thread-3 (_fetch)] [root/api.py:263]: GitHubDataManager no internet connection. Unable to fetch notifications.
2026-07-25 19:33:29,275 [ERROR] [Thread-20 (_fetch)] [root/api.py:263]: GitHubDataManager no internet connection. Unable to fetch notifications.
2026-07-26 05:09:32,256 [INFO] [MainThread] [root/controller.py:43]: Exiting Application...
2026-07-26 05:09:32,372 [INFO] [MainThread] [cli_server/cli_server.py:114]: Log pipe server stopped
2026-07-26 05:09:33,033 [INFO] [MainThread] [root/bar_manager.py:119]: Stopping WindowsNotificationEventListener...
2026-07-26 05:09:33,039 [INFO] [MainThread] [root/bar_manager.py:119]: Stopping SystemEventListener...
2026-07-26 08:46:16,991 [INFO] [MainThread] [root/log.py:104]: YASB v2.0.5
2026-07-26 08:46:16,992 [INFO] [CLIPipeServer] [cli_server/cli_server.py:216]: CLI server started v1.1.7
2026-07-26 08:46:16,992 [INFO] [MainThread] [cli_server/cli_server.py:106]: Log pipe server started
2026-07-26 08:46:18,278 [INFO] [MainThread] [root/api.py:62]: GitHubDataManager started...
2026-07-26 08:46:18,390 [INFO] [MainThread] [root/service.py:41]: AudioInputService starting...
2026-07-26 08:46:18,460 [INFO] [MainThread] [root/service.py:52]: AudioOutputService starting...
2026-07-26 08:46:19,362 [INFO] [MainThread] [root/bar_manager.py:103]: Starting SystemEventListener...
2026-07-26 08:46:19,362 [INFO] [MainThread] [root/bar_manager.py:103]: Starting WindowsNotificationEventListener...
2026-07-26 08:46:19,364 [INFO] [MainThread] [root/watcher.py:65]: Watching directory: c:\users\moham\.config\yasb
2026-07-26 08:46:19,364 [INFO] [MainThread] [root/watcher.py:104]: Created file watcher
2026-07-26 08:46:19,483 [INFO] [MainThread] [root/update_service.py:434]: Background update checker started
2026-07-26 13:44:27,325 [INFO] [MainThread] [root/log.py:104]: YASB v2.0.5
2026-07-26 13:44:27,325 [INFO] [CLIPipeServer] [cli_server/cli_server.py:216]: CLI server started v1.1.7
2026-07-26 13:44:27,326 [INFO] [MainThread] [cli_server/cli_server.py:106]: Log pipe server started
2026-07-26 13:44:28,423 [ERROR] [MainThread] [root/traffic_manager.py:163]: Error loading traffic data for interface auto: Expecting value: line 1 column 1 (char 0)
2026-07-26 13:44:28,511 [INFO] [MainThread] [root/api.py:62]: GitHubDataManager started...
2026-07-26 13:44:28,630 [INFO] [MainThread] [root/service.py:41]: AudioInputService starting...
2026-07-26 13:44:28,703 [INFO] [MainThread] [root/service.py:52]: AudioOutputService starting...
2026-07-26 13:44:29,574 [INFO] [MainThread] [root/bar_manager.py:103]: Starting SystemEventListener...
2026-07-26 13:44:29,574 [INFO] [MainThread] [root/bar_manager.py:103]: Starting WindowsNotificationEventListener...
2026-07-26 13:44:29,577 [INFO] [MainThread] [root/watcher.py:65]: Watching directory: c:\users\moham\.config\yasb
2026-07-26 13:44:29,577 [INFO] [MainThread] [root/watcher.py:104]: Created file watcher
2026-07-26 13:44:29,691 [INFO] [MainThread] [root/update_service.py:434]: Background update checker started
2026-07-26 13:44:37,741 [WARNING] [MainThread] [glazewm_client/client.py:134]: WebSocket error: SocketError.ConnectionRefusedError. Reconnecting...
2026-07-26 13:44:38,022 [WARNING] [MainThread] [glazewm_client/client.py:134]: WebSocket error: SocketError.ConnectionRefusedError. Reconnecting...
2026-07-26 14:29:28,518 [ERROR] [Thread-17 (_fetch)] [root/api.py:263]: GitHubDataManager no internet connection. Unable to fetch notifications.
2026-07-26 14:34:28,517 [ERROR] [Thread-18 (_fetch)] [root/api.py:263]: GitHubDataManager no internet connection. Unable to fetch notifications.
2026-07-26 14:39:28,510 [ERROR] [Thread-19 (_fetch)] [root/api.py:263]: GitHubDataManager no internet connection. Unable to fetch notifications.
2026-07-26 14:44:39,571 [ERROR] [Thread-20 (_fetch)] [root/api.py:263]: GitHubDataManager no internet connection. Unable to fetch notifications.
2026-07-26 14:49:28,520 [ERROR] [Thread-21 (_fetch)] [root/api.py:263]: GitHubDataManager no internet connection. Unable to fetch notifications.
2026-07-26 14:54:40,544 [ERROR] [Thread-22 (_fetch)] [root/api.py:263]: GitHubDataManager no internet connection. Unable to fetch notifications.
2026-07-26 14:59:40,556 [ERROR] [Thread-23 (_fetch)] [root/api.py:263]: GitHubDataManager no internet connection. Unable to fetch notifications.
2026-07-26 16:35:29,706 [INFO] [MainThread] [root/bar_helper.py:594]: AppBarManager need to re-register 2 bars
2026-07-26 16:35:30,127 [INFO] [MainThread] [root/bar_helper.py:603]: Re-registered AppBar for primary-bar_PLAYER MSG12_a4275057 (space reservation + fullscreen)
2026-07-26 16:35:30,611 [INFO] [MainThread] [root/bar_helper.py:603]: Re-registered AppBar for primary-bar_L20T-1 ECO_f8bbda95 (space reservation + fullscreen)
2026-07-26 17:13:53,263 [INFO] [MainThread] [root/log.py:104]: YASB v2.0.5
2026-07-26 17:13:53,264 [INFO] [CLIPipeServer] [cli_server/cli_server.py:216]: CLI server started v1.1.7
2026-07-26 17:13:53,265 [INFO] [MainThread] [cli_server/cli_server.py:106]: Log pipe server started
2026-07-26 17:13:54,377 [ERROR] [MainThread] [root/traffic_manager.py:163]: Error loading traffic data for interface auto: Expecting value: line 1 column 1 (char 0)
2026-07-26 17:13:54,461 [INFO] [MainThread] [root/api.py:62]: GitHubDataManager started...
2026-07-26 17:13:54,576 [INFO] [MainThread] [root/service.py:41]: AudioInputService starting...
2026-07-26 17:13:54,649 [INFO] [MainThread] [root/service.py:52]: AudioOutputService starting...
2026-07-26 17:13:55,512 [INFO] [MainThread] [root/bar_manager.py:103]: Starting WindowsNotificationEventListener...
2026-07-26 17:13:55,512 [INFO] [MainThread] [root/bar_manager.py:103]: Starting SystemEventListener...
2026-07-26 17:13:55,514 [INFO] [MainThread] [root/watcher.py:65]: Watching directory: c:\users\moham\.config\yasb
2026-07-26 17:13:55,514 [INFO] [MainThread] [root/watcher.py:104]: Created file watcher
2026-07-26 17:13:55,590 [INFO] [MainThread] [root/update_service.py:434]: Background update checker started
2026-07-26 18:25:34,398 [WARNING] [MainThread] [glazewm_client/client.py:151]: Expected 'data' to be a dict, got NoneType
2026-07-26 18:25:34,400 [WARNING] [MainThread] [glazewm_client/client.py:151]: Expected 'data' to be a dict, got NoneType
2026-07-26 18:25:34,583 [WARNING] [MainThread] [glazewm_client/client.py:151]: Expected 'data' to be a dict, got NoneType
2026-07-26 18:25:34,950 [WARNING] [MainThread] [glazewm_client/client.py:151]: Expected 'data' to be a dict, got NoneType
2026-07-26 18:25:51,089 [WARNING] [MainThread] [glazewm_client/client.py:151]: Expected 'data' to be a dict, got NoneType
2026-07-26 18:26:03,171 [WARNING] [MainThread] [glazewm_client/client.py:134]: WebSocket error: SocketError.RemoteHostClosedError. Reconnecting...
2026-07-26 18:26:03,221 [WARNING] [MainThread] [glazewm_client/client.py:134]: WebSocket error: SocketError.RemoteHostClosedError. Reconnecting...
2026-07-27 13:40:24,287 [INFO] [MainThread] [root/bar_helper.py:594]: AppBarManager need to re-register 2 bars
2026-07-27 13:40:24,746 [INFO] [MainThread] [root/bar_helper.py:603]: Re-registered AppBar for primary-bar_PLAYER MSG12_d7739c81 (space reservation + fullscreen)
2026-07-27 13:40:25,036 [INFO] [CLIPipeServer] [cli_server/cli_server.py:257]: CLI server received command: reload
2026-07-27 13:40:25,037 [INFO] [CLIPipeServer] [root/controller.py:21]: Reloading Application from CLI...
2026-07-27 13:40:25,147 [INFO] [CLIPipeServer] [cli_server/cli_server.py:114]: Log pipe server stopped
2026-07-27 13:40:25,263 [INFO] [MainThread] [root/bar_helper.py:603]: Re-registered AppBar for primary-bar_L20T-1 ECO_1c3f39cf (space reservation + fullscreen)
2026-07-27 13:40:25,646 [INFO] [Thread-254 (_restart_pipe_server)] [cli_server/cli_server.py:114]: Log pipe server stopped
2026-07-27 13:40:25,649 [INFO] [Thread-255 (_run_server)] [cli_server/cli_server.py:216]: CLI server started v1.1.7
2026-07-27 13:40:25,652 [INFO] [Thread-254 (_restart_pipe_server)] [cli_server/cli_server.py:106]: Log pipe server started
2026-07-27 13:40:26,548 [INFO] [MainThread] [root/bar_manager.py:119]: Stopping WindowsNotificationEventListener...
2026-07-27 13:40:26,557 [INFO] [MainThread] [root/bar_manager.py:119]: Stopping SystemEventListener...
2026-07-27 13:40:27,574 [INFO] [MainThread] [root/log.py:104]: YASB v2.0.5
2026-07-27 13:40:27,575 [INFO] [CLIPipeServer] [cli_server/cli_server.py:216]: CLI server started v1.1.7
2026-07-27 13:40:27,575 [INFO] [MainThread] [cli_server/cli_server.py:106]: Log pipe server started
2026-07-27 13:40:28,795 [INFO] [MainThread] [root/api.py:62]: GitHubDataManager started...
2026-07-27 13:40:28,897 [INFO] [MainThread] [root/service.py:41]: AudioInputService starting...
2026-07-27 13:40:28,970 [INFO] [MainThread] [root/service.py:52]: AudioOutputService starting...
2026-07-27 13:40:30,425 [INFO] [MainThread] [root/bar_manager.py:103]: Starting WindowsNotificationEventListener...
2026-07-27 13:40:30,425 [INFO] [MainThread] [root/bar_manager.py:103]: Starting SystemEventListener...
2026-07-27 13:40:30,427 [INFO] [MainThread] [root/watcher.py:65]: Watching directory: c:\users\moham\.config\yasb
2026-07-27 13:40:30,428 [INFO] [MainThread] [root/watcher.py:104]: Created file watcher
2026-07-27 13:40:30,615 [INFO] [MainThread] [root/update_service.py:434]: Background update checker started
2026-07-27 16:27:16,481 [INFO] [MainThread] [root/bar_helper.py:594]: AppBarManager need to re-register 2 bars
2026-07-27 16:27:17,018 [INFO] [MainThread] [root/bar_helper.py:603]: Re-registered AppBar for primary-bar_PLAYER MSG12_70c95157 (space reservation + fullscreen)
2026-07-27 16:27:17,537 [INFO] [MainThread] [root/bar_helper.py:603]: Re-registered AppBar for primary-bar_L20T-1 ECO_b2629258 (space reservation + fullscreen)
2026-07-27 16:27:31,602 [INFO] [CLIPipeServer] [cli_server/cli_server.py:257]: CLI server received command: reload
2026-07-27 16:27:31,615 [INFO] [CLIPipeServer] [root/controller.py:21]: Reloading Application from CLI...
2026-07-27 16:27:31,732 [INFO] [CLIPipeServer] [cli_server/cli_server.py:114]: Log pipe server stopped
2026-07-27 16:27:32,417 [INFO] [Thread-42 (_restart_pipe_server)] [cli_server/cli_server.py:114]: Log pipe server stopped
2026-07-27 16:27:32,429 [INFO] [Thread-43 (_run_server)] [cli_server/cli_server.py:216]: CLI server started v1.1.7
2026-07-27 16:27:32,431 [INFO] [Thread-42 (_restart_pipe_server)] [cli_server/cli_server.py:106]: Log pipe server started
2026-07-27 16:27:32,736 [INFO] [MainThread] [root/bar_manager.py:119]: Stopping WindowsNotificationEventListener...
2026-07-27 16:27:33,745 [INFO] [MainThread] [root/bar_manager.py:119]: Stopping SystemEventListener...
2026-07-27 16:27:36,390 [INFO] [MainThread] [root/log.py:104]: YASB v2.0.5
2026-07-27 16:27:36,390 [INFO] [CLIPipeServer] [cli_server/cli_server.py:216]: CLI server started v1.1.7
2026-07-27 16:27:36,391 [INFO] [MainThread] [cli_server/cli_server.py:106]: Log pipe server started
2026-07-27 16:27:37,831 [INFO] [MainThread] [root/api.py:62]: GitHubDataManager started...
2026-07-27 16:27:37,942 [INFO] [MainThread] [root/service.py:41]: AudioInputService starting...
2026-07-27 16:27:38,026 [INFO] [MainThread] [root/service.py:52]: AudioOutputService starting...
2026-07-27 16:27:39,788 [INFO] [MainThread] [root/bar_manager.py:103]: Starting SystemEventListener...
2026-07-27 16:27:39,788 [INFO] [MainThread] [root/bar_manager.py:103]: Starting WindowsNotificationEventListener...
2026-07-27 16:27:39,791 [INFO] [MainThread] [root/watcher.py:65]: Watching directory: c:\users\moham\.config\yasb
2026-07-27 16:27:39,791 [INFO] [MainThread] [root/watcher.py:104]: Created file watcher
2026-07-27 16:27:39,941 [INFO] [MainThread] [root/update_service.py:434]: Background update checker started
2026-07-27 17:32:59,169 [ERROR] [Thread-21 (_fetch)] [root/api.py:263]: GitHubDataManager no internet connection. Unable to fetch notifications.
2026-07-27 17:52:58,939 [ERROR] [Thread-25 (_fetch)] [root/api.py:263]: GitHubDataManager no internet connection. Unable to fetch notifications.
2026-07-27 18:07:59,141 [ERROR] [Thread-28 (_fetch)] [root/api.py:263]: GitHubDataManager no internet connection. Unable to fetch notifications.
2026-07-27 18:17:58,944 [ERROR] [Thread-30 (_fetch)] [root/api.py:263]: GitHubDataManager no internet connection. Unable to fetch notifications.
2026-07-27 18:27:58,965 [ERROR] [Thread-32 (_fetch)] [root/api.py:263]: GitHubDataManager no internet connection. Unable to fetch notifications.
2026-07-27 18:47:58,947 [ERROR] [Thread-36 (_fetch)] [root/api.py:263]: GitHubDataManager no internet connection. Unable to fetch notifications.
2026-07-27 18:57:58,969 [ERROR] [Thread-38 (_fetch)] [root/api.py:263]: GitHubDataManager no internet connection. Unable to fetch notifications.
2026-07-27 19:07:59,306 [ERROR] [Thread-40 (_fetch)] [root/api.py:263]: GitHubDataManager no internet connection. Unable to fetch notifications.
2026-07-27 19:12:59,222 [ERROR] [Thread-41 (_fetch)] [root/api.py:263]: GitHubDataManager no internet connection. Unable to fetch notifications.
2026-07-27 19:27:59,611 [ERROR] [Thread-44 (_fetch)] [root/api.py:263]: GitHubDataManager no internet connection. Unable to fetch notifications.
2026-07-27 19:37:59,594 [ERROR] [Thread-46 (_fetch)] [root/api.py:263]: GitHubDataManager no internet connection. Unable to fetch notifications.
2026-07-27 20:02:58,968 [ERROR] [Thread-51 (_fetch)] [root/api.py:263]: GitHubDataManager no internet connection. Unable to fetch notifications.
2026-07-27 20:47:59,055 [ERROR] [Thread-60 (_fetch)] [root/api.py:263]: GitHubDataManager no internet connection. Unable to fetch notifications.
2026-07-27 20:52:59,102 [ERROR] [Thread-61 (_fetch)] [root/api.py:263]: GitHubDataManager no internet connection. Unable to fetch notifications.
2026-07-27 20:57:59,034 [ERROR] [Thread-62 (_fetch)] [root/api.py:263]: GitHubDataManager no internet connection. Unable to fetch notifications.
2026-07-27 21:12:59,332 [ERROR] [Thread-65 (_fetch)] [root/api.py:263]: GitHubDataManager no internet connection. Unable to fetch notifications.
2026-07-27 21:32:58,963 [ERROR] [Thread-69 (_fetch)] [root/api.py:263]: GitHubDataManager no internet connection. Unable to fetch notifications.
2026-07-27 21:47:59,108 [ERROR] [Thread-72 (_fetch)] [root/api.py:263]: GitHubDataManager no internet connection. Unable to fetch notifications.
2026-07-27 21:52:59,063 [ERROR] [Thread-73 (_fetch)] [root/api.py:263]: GitHubDataManager no internet connection. Unable to fetch notifications.
2026-07-27 22:07:58,989 [ERROR] [Thread-76 (_fetch)] [root/api.py:263]: GitHubDataManager no internet connection. Unable to fetch notifications.
2026-07-27 22:17:59,027 [ERROR] [Thread-78 (_fetch)] [root/api.py:263]: GitHubDataManager no internet connection. Unable to fetch notifications.
2026-07-27 22:37:59,555 [ERROR] [Thread-82 (_fetch)] [root/api.py:263]: GitHubDataManager no internet connection. Unable to fetch notifications.
2026-07-27 23:12:59,000 [ERROR] [Thread-89 (_fetch)] [root/api.py:263]: GitHubDataManager no internet connection. Unable to fetch notifications.
2026-07-27 23:17:59,015 [ERROR] [Thread-90 (_fetch)] [root/api.py:263]: GitHubDataManager no internet connection. Unable to fetch notifications.
2026-07-28 00:17:58,994 [ERROR] [Thread-102 (_fetch)] [root/api.py:263]: GitHubDataManager no internet connection. Unable to fetch notifications.
2026-07-28 00:47:59,177 [ERROR] [Thread-108 (_fetch)] [root/api.py:263]: GitHubDataManager no internet connection. Unable to fetch notifications.
2026-07-28 00:57:59,017 [ERROR] [Thread-110 (_fetch)] [root/api.py:263]: GitHubDataManager no internet connection. Unable to fetch notifications.
2026-07-28 01:07:59,003 [ERROR] [Thread-112 (_fetch)] [root/api.py:263]: GitHubDataManager no internet connection. Unable to fetch notifications.
2026-07-28 01:17:59,312 [ERROR] [Thread-114 (_fetch)] [root/api.py:263]: GitHubDataManager no internet connection. Unable to fetch notifications.
2026-07-28 01:47:59,336 [ERROR] [Thread-120 (_fetch)] [root/api.py:263]: GitHubDataManager no internet connection. Unable to fetch notifications.
2026-07-28 02:12:59,507 [ERROR] [Thread-125 (_fetch)] [root/api.py:263]: GitHubDataManager no internet connection. Unable to fetch notifications.
2026-07-28 02:17:58,987 [ERROR] [Thread-126 (_fetch)] [root/api.py:263]: GitHubDataManager no internet connection. Unable to fetch notifications.
2026-07-28 02:27:26,361 [ERROR] [Dummy-8] [root/windows_notification.py:34]: Error getting notification count: [WinError -2147023728] Element not found.
2026-07-28 02:42:37,856 [ERROR] [Thread-131 (_fetch)] [root/api.py:263]: GitHubDataManager no internet connection. Unable to fetch notifications.
2026-07-28 02:47:37,854 [ERROR] [Thread-132 (_fetch)] [root/api.py:263]: GitHubDataManager no internet connection. Unable to fetch notifications.
2026-07-28 02:52:37,856 [ERROR] [Thread-133 (_fetch)] [root/api.py:263]: GitHubDataManager no internet connection. Unable to fetch notifications.
2026-07-28 02:57:37,851 [ERROR] [Thread-134 (_fetch)] [root/api.py:263]: GitHubDataManager no internet connection. Unable to fetch notifications.
2026-07-28 03:02:37,853 [ERROR] [Thread-135 (_fetch)] [root/api.py:263]: GitHubDataManager no internet connection. Unable to fetch notifications.
2026-07-28 03:07:37,862 [ERROR] [Thread-136 (_fetch)] [root/api.py:263]: GitHubDataManager no internet connection. Unable to fetch notifications.
2026-07-28 03:12:37,859 [ERROR] [Thread-137 (_fetch)] [root/api.py:263]: GitHubDataManager no internet connection. Unable to fetch notifications.
2026-07-28 03:17:37,860 [ERROR] [Thread-138 (_fetch)] [root/api.py:263]: GitHubDataManager no internet connection. Unable to fetch notifications.
2026-07-28 03:22:37,858 [ERROR] [Thread-139 (_fetch)] [root/api.py:263]: GitHubDataManager no internet connection. Unable to fetch notifications.
2026-07-28 03:27:37,857 [ERROR] [Thread-140 (_fetch)] [root/api.py:263]: GitHubDataManager no internet connection. Unable to fetch notifications.
2026-07-28 03:32:37,865 [ERROR] [Thread-141 (_fetch)] [root/api.py:263]: GitHubDataManager no internet connection. Unable to fetch notifications.
2026-07-28 03:37:37,855 [ERROR] [Thread-142 (_fetch)] [root/api.py:263]: GitHubDataManager no internet connection. Unable to fetch notifications.
2026-07-28 04:06:46,810 [INFO] [MainThread] [root/controller.py:43]: Exiting Application...
2026-07-28 04:06:46,931 [INFO] [MainThread] [cli_server/cli_server.py:114]: Log pipe server stopped
2026-07-28 04:06:48,867 [INFO] [MainThread] [root/bar_manager.py:119]: Stopping SystemEventListener...
2026-07-28 04:06:48,926 [INFO] [MainThread] [root/bar_manager.py:119]: Stopping WindowsNotificationEventListener...
2026-07-28 08:39:22,805 [INFO] [MainThread] [root/log.py:104]: YASB v2.0.5
2026-07-28 08:39:22,805 [INFO] [CLIPipeServer] [cli_server/cli_server.py:216]: CLI server started v1.1.7
2026-07-28 08:39:22,806 [INFO] [MainThread] [cli_server/cli_server.py:106]: Log pipe server started
2026-07-28 08:39:24,030 [INFO] [MainThread] [root/api.py:62]: GitHubDataManager started...
2026-07-28 08:39:24,140 [INFO] [MainThread] [root/service.py:41]: AudioInputService starting...
2026-07-28 08:39:24,210 [INFO] [MainThread] [root/service.py:52]: AudioOutputService starting...
2026-07-28 08:39:25,051 [INFO] [MainThread] [root/bar_manager.py:103]: Starting WindowsNotificationEventListener...
2026-07-28 08:39:25,051 [INFO] [MainThread] [root/bar_manager.py:103]: Starting SystemEventListener...
2026-07-28 08:39:25,053 [INFO] [MainThread] [root/watcher.py:65]: Watching directory: c:\users\moham\.config\yasb
2026-07-28 08:39:25,053 [INFO] [MainThread] [root/watcher.py:104]: Created file watcher
2026-07-28 08:39:25,109 [INFO] [MainThread] [root/update_service.py:434]: Background update checker started
2026-07-28 08:44:45,158 [ERROR] [Thread-9 (_fetch)] [root/api.py:263]: GitHubDataManager no internet connection. Unable to fetch notifications.
2026-07-28 08:54:45,118 [ERROR] [Thread-11 (_fetch)] [root/api.py:263]: GitHubDataManager no internet connection. Unable to fetch notifications.
2026-07-28 08:59:45,117 [ERROR] [Thread-12 (_fetch)] [root/api.py:263]: GitHubDataManager no internet connection. Unable to fetch notifications.
2026-07-28 09:14:45,315 [ERROR] [Thread-15 (_fetch)] [root/api.py:263]: GitHubDataManager no internet connection. Unable to fetch notifications.
2026-07-28 09:19:45,331 [ERROR] [Thread-16 (_fetch)] [root/api.py:263]: GitHubDataManager no internet connection. Unable to fetch notifications.
2026-07-28 09:29:45,153 [ERROR] [Thread-18 (_fetch)] [root/api.py:263]: GitHubDataManager no internet connection. Unable to fetch notifications.
2026-07-28 11:29:45,183 [ERROR] [Thread-42 (_fetch)] [root/api.py:263]: GitHubDataManager no internet connection. Unable to fetch notifications.
2026-07-28 12:19:45,172 [ERROR] [Thread-54 (_fetch)] [root/api.py:263]: GitHubDataManager no internet connection. Unable to fetch notifications.
2026-07-28 12:24:45,193 [ERROR] [Thread-57 (_fetch)] [root/api.py:263]: GitHubDataManager no internet connection. Unable to fetch notifications.
2026-07-28 12:34:42,453 [ERROR] [Thread-59 (_fetch)] [root/api.py:263]: GitHubDataManager no internet connection. Unable to fetch notifications.
2026-07-28 12:44:45,203 [ERROR] [Thread-61 (_fetch)] [root/api.py:263]: GitHubDataManager no internet connection. Unable to fetch notifications.
2026-07-28 12:49:45,369 [ERROR] [Thread-62 (_fetch)] [root/api.py:263]: GitHubDataManager no internet connection. Unable to fetch notifications.
2026-07-28 13:19:45,560 [ERROR] [Thread-68 (_fetch)] [root/api.py:263]: GitHubDataManager no internet connection. Unable to fetch notifications.
2026-07-28 13:49:46,125 [ERROR] [Thread-74 (_fetch)] [root/api.py:263]: GitHubDataManager no internet connection. Unable to fetch notifications.
2026-07-28 13:52:52,397 [INFO] [MainThread] [root/bar_manager.py:119]: Stopping WindowsNotificationEventListener...
2026-07-28 13:52:52,433 [INFO] [MainThread] [root/bar_manager.py:119]: Stopping SystemEventListener...
2026-07-28 13:54:40,905 [INFO] [MainThread] [root/log.py:104]: YASB v2.0.5
2026-07-28 13:54:40,905 [INFO] [CLIPipeServer] [cli_server/cli_server.py:216]: CLI server started v1.1.7
2026-07-28 13:54:40,906 [INFO] [MainThread] [cli_server/cli_server.py:106]: Log pipe server started
2026-07-28 13:54:42,458 [INFO] [MainThread] [root/api.py:62]: GitHubDataManager started...
2026-07-28 13:54:42,576 [INFO] [MainThread] [root/service.py:41]: AudioInputService starting...
2026-07-28 13:54:42,659 [INFO] [MainThread] [root/service.py:52]: AudioOutputService starting...
2026-07-28 13:54:43,744 [INFO] [MainThread] [root/bar_manager.py:103]: Starting WindowsNotificationEventListener...
2026-07-28 13:54:43,744 [INFO] [MainThread] [root/bar_manager.py:103]: Starting SystemEventListener...
2026-07-28 13:54:43,746 [INFO] [MainThread] [root/watcher.py:65]: Watching directory: c:\users\moham\.config\yasb
2026-07-28 13:54:43,747 [INFO] [MainThread] [root/watcher.py:104]: Created file watcher
2026-07-28 13:54:43,857 [INFO] [MainThread] [root/update_service.py:434]: Background update checker started
2026-07-28 13:55:03,691 [ERROR] [Thread-3 (_fetch)] [root/api.py:263]: GitHubDataManager no internet connection. Unable to fetch notifications.
2026-07-28 14:05:03,564 [ERROR] [Thread-11 (_fetch)] [root/api.py:263]: GitHubDataManager no internet connection. Unable to fetch notifications.
2026-07-28 14:45:26,079 [INFO] [MainThread] [root/log.py:104]: YASB v2.0.5
2026-07-28 14:45:26,080 [INFO] [CLIPipeServer] [cli_server/cli_server.py:216]: CLI server started v1.1.7
2026-07-28 14:45:26,081 [INFO] [MainThread] [cli_server/cli_server.py:106]: Log pipe server started
2026-07-28 14:45:27,204 [ERROR] [MainThread] [root/traffic_manager.py:163]: Error loading traffic data for interface auto: Expecting value: line 1 column 1 (char 0)
2026-07-28 14:45:27,276 [INFO] [MainThread] [root/api.py:62]: GitHubDataManager started...
2026-07-28 14:45:27,390 [INFO] [MainThread] [root/service.py:41]: AudioInputService starting...
2026-07-28 14:45:27,471 [INFO] [MainThread] [root/service.py:52]: AudioOutputService starting...
2026-07-28 14:45:28,351 [INFO] [MainThread] [root/bar_manager.py:103]: Starting WindowsNotificationEventListener...
2026-07-28 14:45:28,352 [INFO] [MainThread] [root/bar_manager.py:103]: Starting SystemEventListener...
2026-07-28 14:45:28,353 [INFO] [MainThread] [root/watcher.py:65]: Watching directory: c:\users\moham\.config\yasb
2026-07-28 14:45:28,353 [INFO] [MainThread] [root/watcher.py:104]: Created file watcher
2026-07-28 14:45:28,450 [INFO] [MainThread] [root/update_service.py:434]: Background update checker started
2026-07-28 14:45:36,465 [WARNING] [MainThread] [glazewm_client/client.py:134]: WebSocket error: SocketError.ConnectionRefusedError. Reconnecting...
2026-07-28 16:34:26,201 [INFO] [CLIPipeServer] [cli_server/cli_server.py:257]: CLI server received command: reload
2026-07-28 16:34:26,202 [INFO] [CLIPipeServer] [root/controller.py:21]: Reloading Application from CLI...
2026-07-28 16:34:26,315 [INFO] [CLIPipeServer] [cli_server/cli_server.py:114]: Log pipe server stopped
2026-07-28 16:34:26,825 [INFO] [Thread-30 (_restart_pipe_server)] [cli_server/cli_server.py:114]: Log pipe server stopped
2026-07-28 16:34:26,828 [INFO] [Thread-31 (_run_server)] [cli_server/cli_server.py:216]: CLI server started v1.1.7
2026-07-28 16:34:26,834 [INFO] [Thread-30 (_restart_pipe_server)] [cli_server/cli_server.py:106]: Log pipe server started
2026-07-28 16:34:27,166 [INFO] [MainThread] [root/bar_manager.py:119]: Stopping WindowsNotificationEventListener...
2026-07-28 16:34:27,171 [INFO] [MainThread] [root/bar_manager.py:119]: Stopping SystemEventListener...
2026-07-28 16:34:28,019 [INFO] [MainThread] [root/log.py:104]: YASB v2.0.5
2026-07-28 16:34:28,020 [INFO] [CLIPipeServer] [cli_server/cli_server.py:216]: CLI server started v1.1.7
2026-07-28 16:34:28,020 [INFO] [MainThread] [cli_server/cli_server.py:106]: Log pipe server started
2026-07-28 16:34:29,010 [INFO] [MainThread] [root/api.py:62]: GitHubDataManager started...
2026-07-28 16:34:29,128 [INFO] [MainThread] [root/service.py:41]: AudioInputService starting...
2026-07-28 16:34:29,216 [INFO] [MainThread] [root/service.py:52]: AudioOutputService starting...
2026-07-28 16:34:30,760 [INFO] [MainThread] [root/bar_manager.py:103]: Starting SystemEventListener...
2026-07-28 16:34:30,760 [INFO] [MainThread] [root/bar_manager.py:103]: Starting WindowsNotificationEventListener...
2026-07-28 16:34:30,762 [INFO] [MainThread] [root/watcher.py:65]: Watching directory: c:\users\moham\.config\yasb
2026-07-28 16:34:30,762 [INFO] [MainThread] [root/watcher.py:104]: Created file watcher
2026-07-28 16:34:30,852 [INFO] [MainThread] [root/update_service.py:434]: Background update checker started
2026-07-28 16:37:01,415 [INFO] [CLIPipeServer] [cli_server/cli_server.py:257]: CLI server received command: reload
2026-07-28 16:37:01,415 [INFO] [CLIPipeServer] [root/controller.py:21]: Reloading Application from CLI...
2026-07-28 16:37:01,521 [INFO] [CLIPipeServer] [cli_server/cli_server.py:114]: Log pipe server stopped
2026-07-28 16:37:02,022 [INFO] [Thread-9 (_restart_pipe_server)] [cli_server/cli_server.py:114]: Log pipe server stopped
2026-07-28 16:37:02,023 [INFO] [Thread-10 (_run_server)] [cli_server/cli_server.py:216]: CLI server started v1.1.7
2026-07-28 16:37:02,024 [INFO] [Thread-9 (_restart_pipe_server)] [cli_server/cli_server.py:106]: Log pipe server started
2026-07-28 16:37:02,376 [INFO] [MainThread] [root/log.py:104]: YASB v2.0.5
2026-07-28 16:37:02,377 [INFO] [CLIPipeServer] [cli_server/cli_server.py:216]: CLI server started v1.1.7
2026-07-28 16:37:02,377 [INFO] [MainThread] [cli_server/cli_server.py:106]: Log pipe server started
2026-07-28 16:37:02,378 [INFO] [MainThread] [root/main.py:48]: Waiting for previous YASB instance to exit...
2026-07-28 16:37:02,504 [INFO] [MainThread] [root/bar_manager.py:119]: Stopping SystemEventListener...
2026-07-28 16:37:02,507 [INFO] [MainThread] [root/bar_manager.py:119]: Stopping WindowsNotificationEventListener...
2026-07-28 16:37:02,879 [INFO] [MainThread] [root/main.py:74]: Previous instance exited, continuing startup.
2026-07-28 16:37:03,420 [INFO] [MainThread] [root/api.py:62]: GitHubDataManager started...
2026-07-28 16:37:03,477 [INFO] [MainThread] [root/service.py:41]: AudioInputService starting...
2026-07-28 16:37:03,548 [INFO] [MainThread] [root/service.py:52]: AudioOutputService starting...
2026-07-28 16:37:04,938 [INFO] [MainThread] [root/bar_manager.py:103]: Starting SystemEventListener...
2026-07-28 16:37:04,939 [INFO] [MainThread] [root/bar_manager.py:103]: Starting WindowsNotificationEventListener...
2026-07-28 16:37:04,940 [INFO] [MainThread] [root/watcher.py:65]: Watching directory: c:\users\moham\.config\yasb
2026-07-28 16:37:04,940 [INFO] [MainThread] [root/watcher.py:104]: Created file watcher
2026-07-28 16:37:05,079 [INFO] [MainThread] [root/update_service.py:434]: Background update checker started
2026-07-29 03:41:38,954 [INFO] [MainThread] [root/controller.py:43]: Exiting Application...
2026-07-29 03:41:39,065 [INFO] [MainThread] [cli_server/cli_server.py:114]: Log pipe server stopped
2026-07-29 03:41:39,949 [INFO] [MainThread] [root/bar_manager.py:119]: Stopping SystemEventListener...
2026-07-29 03:41:39,954 [INFO] [MainThread] [root/bar_manager.py:119]: Stopping WindowsNotificationEventListener...
2026-07-29 12:05:19,431 [INFO] [MainThread] [root/log.py:104]: YASB v2.0.5
2026-07-29 12:05:19,432 [INFO] [CLIPipeServer] [cli_server/cli_server.py:216]: CLI server started v1.1.7
2026-07-29 12:05:19,432 [INFO] [MainThread] [cli_server/cli_server.py:106]: Log pipe server started
2026-07-29 12:05:20,812 [INFO] [MainThread] [root/api.py:62]: GitHubDataManager started...
2026-07-29 12:05:20,932 [INFO] [MainThread] [root/service.py:41]: AudioInputService starting...
2026-07-29 12:05:21,011 [INFO] [MainThread] [root/service.py:52]: AudioOutputService starting...
2026-07-29 12:05:21,970 [INFO] [MainThread] [root/bar_manager.py:103]: Starting WindowsNotificationEventListener...
2026-07-29 12:05:21,970 [INFO] [MainThread] [root/bar_manager.py:103]: Starting SystemEventListener...
2026-07-29 12:05:21,971 [INFO] [MainThread] [root/watcher.py:65]: Watching directory: c:\users\moham\.config\yasb
2026-07-29 12:05:21,972 [INFO] [MainThread] [root/watcher.py:104]: Created file watcher
2026-07-29 12:05:22,070 [INFO] [MainThread] [root/update_service.py:434]: Background update checker started
2026-07-29 12:05:30,075 [WARNING] [MainThread] [glazewm_client/client.py:134]: WebSocket error: SocketError.ConnectionRefusedError. Reconnecting...
2026-07-29 12:05:30,380 [WARNING] [MainThread] [glazewm_client/client.py:134]: WebSocket error: SocketError.ConnectionRefusedError. Reconnecting...
2026-07-29 23:10:48,762 [INFO] [MainThread] [root/bar_manager.py:119]: Stopping WindowsNotificationEventListener...
2026-07-29 23:10:48,781 [INFO] [MainThread] [root/bar_manager.py:119]: Stopping SystemEventListener...
2026-07-29 23:12:30,307 [INFO] [MainThread] [root/log.py:104]: YASB v2.0.5
2026-07-29 23:12:30,308 [INFO] [CLIPipeServer] [cli_server/cli_server.py:216]: CLI server started v1.1.7
2026-07-29 23:12:30,309 [INFO] [MainThread] [cli_server/cli_server.py:106]: Log pipe server started
2026-07-29 23:12:31,654 [INFO] [MainThread] [root/api.py:62]: GitHubDataManager started...
2026-07-29 23:12:31,766 [INFO] [MainThread] [root/service.py:41]: AudioInputService starting...
2026-07-29 23:12:31,849 [INFO] [MainThread] [root/service.py:52]: AudioOutputService starting...
2026-07-29 23:12:32,733 [INFO] [MainThread] [root/bar_manager.py:103]: Starting SystemEventListener...
2026-07-29 23:12:32,734 [INFO] [MainThread] [root/bar_manager.py:103]: Starting WindowsNotificationEventListener...
2026-07-29 23:12:32,735 [INFO] [MainThread] [root/watcher.py:65]: Watching directory: c:\users\moham\.config\yasb
2026-07-29 23:12:32,735 [INFO] [MainThread] [root/watcher.py:104]: Created file watcher
2026-07-29 23:12:32,837 [INFO] [MainThread] [root/update_service.py:434]: Background update checker started
2026-07-29 23:12:40,798 [WARNING] [MainThread] [glazewm_client/client.py:134]: WebSocket error: SocketError.ConnectionRefusedError. Reconnecting...
2026-07-29 23:12:41,147 [WARNING] [MainThread] [glazewm_client/client.py:134]: WebSocket error: SocketError.ConnectionRefusedError. Reconnecting...
2026-07-30 01:56:46,928 [INFO] [MainThread] [root/controller.py:43]: Exiting Application...
2026-07-30 01:56:47,040 [INFO] [MainThread] [cli_server/cli_server.py:114]: Log pipe server stopped
2026-07-30 01:56:47,496 [INFO] [MainThread] [root/bar_manager.py:119]: Stopping SystemEventListener...
2026-07-30 01:56:47,498 [INFO] [MainThread] [root/bar_manager.py:119]: Stopping WindowsNotificationEventListener...
2026-07-30 10:44:17,945 [INFO] [MainThread] [root/log.py:104]: YASB v2.0.5
2026-07-30 10:44:17,946 [INFO] [CLIPipeServer] [cli_server/cli_server.py:216]: CLI server started v1.1.7
2026-07-30 10:44:17,947 [INFO] [MainThread] [cli_server/cli_server.py:106]: Log pipe server started
2026-07-30 10:44:19,341 [INFO] [MainThread] [root/api.py:62]: GitHubDataManager started...
2026-07-30 10:44:19,474 [INFO] [MainThread] [root/service.py:41]: AudioInputService starting...
2026-07-30 10:44:19,560 [INFO] [MainThread] [root/service.py:52]: AudioOutputService starting...
2026-07-30 10:44:20,569 [INFO] [MainThread] [root/bar_manager.py:103]: Starting SystemEventListener...
2026-07-30 10:44:20,570 [INFO] [MainThread] [root/bar_manager.py:103]: Starting WindowsNotificationEventListener...
2026-07-30 10:44:20,572 [INFO] [MainThread] [root/watcher.py:65]: Watching directory: c:\users\moham\.config\yasb
2026-07-30 10:44:20,573 [INFO] [MainThread] [root/watcher.py:104]: Created file watcher
2026-07-30 10:44:20,648 [INFO] [MainThread] [root/update_service.py:434]: Background update checker started
2026-07-30 16:50:34,012 [INFO] [MainThread] [root/log.py:104]: YASB v2.0.5
2026-07-30 16:50:34,013 [INFO] [CLIPipeServer] [cli_server/cli_server.py:216]: CLI server started v1.1.7
2026-07-30 16:50:34,013 [INFO] [MainThread] [cli_server/cli_server.py:106]: Log pipe server started
2026-07-30 16:50:35,066 [ERROR] [MainThread] [root/traffic_manager.py:163]: Error loading traffic data for interface auto: Expecting value: line 1 column 1 (char 0)
2026-07-30 16:50:35,143 [INFO] [MainThread] [root/api.py:62]: GitHubDataManager started...
2026-07-30 16:50:35,255 [INFO] [MainThread] [root/service.py:41]: AudioInputService starting...
2026-07-30 16:50:35,327 [INFO] [MainThread] [root/service.py:52]: AudioOutputService starting...
2026-07-30 16:50:36,165 [INFO] [MainThread] [root/bar_manager.py:103]: Starting WindowsNotificationEventListener...
2026-07-30 16:50:36,165 [INFO] [MainThread] [root/bar_manager.py:103]: Starting SystemEventListener...
2026-07-30 16:50:36,166 [INFO] [MainThread] [root/watcher.py:65]: Watching directory: c:\users\moham\.config\yasb
2026-07-30 16:50:36,166 [INFO] [MainThread] [root/watcher.py:104]: Created file watcher
2026-07-30 16:50:36,484 [INFO] [MainThread] [root/update_service.py:434]: Background update checker started
2026-07-30 16:50:44,317 [WARNING] [MainThread] [glazewm_client/client.py:134]: WebSocket error: SocketError.ConnectionRefusedError. Reconnecting...
2026-07-30 16:50:44,804 [WARNING] [MainThread] [glazewm_client/client.py:134]: WebSocket error: SocketError.ConnectionRefusedError. Reconnecting...
2026-07-30 20:45:39,074 [INFO] [MainThread] [root/log.py:104]: YASB v2.0.5
2026-07-30 20:45:39,075 [INFO] [CLIPipeServer] [cli_server/cli_server.py:216]: CLI server started v1.1.7
2026-07-30 20:45:39,075 [INFO] [MainThread] [cli_server/cli_server.py:106]: Log pipe server started
2026-07-30 20:45:40,168 [ERROR] [MainThread] [root/traffic_manager.py:163]: Error loading traffic data for interface auto: Expecting value: line 1 column 1 (char 0)
2026-07-30 20:45:40,236 [INFO] [MainThread] [root/api.py:62]: GitHubDataManager started...
2026-07-30 20:45:40,351 [INFO] [MainThread] [root/service.py:41]: AudioInputService starting...
2026-07-30 20:45:40,425 [INFO] [MainThread] [root/service.py:52]: AudioOutputService starting...
2026-07-30 20:45:41,243 [INFO] [MainThread] [root/bar_manager.py:103]: Starting SystemEventListener...
2026-07-30 20:45:41,244 [INFO] [MainThread] [root/bar_manager.py:103]: Starting WindowsNotificationEventListener...
2026-07-30 20:45:41,246 [INFO] [MainThread] [root/watcher.py:65]: Watching directory: c:\users\moham\.config\yasb
2026-07-30 20:45:41,247 [INFO] [MainThread] [root/watcher.py:104]: Created file watcher
2026-07-30 20:45:41,347 [INFO] [MainThread] [root/update_service.py:434]: Background update checker started
2026-07-30 20:45:49,374 [WARNING] [MainThread] [glazewm_client/client.py:134]: WebSocket error: SocketError.ConnectionRefusedError. Reconnecting...
2026-07-30 20:45:49,648 [WARNING] [MainThread] [glazewm_client/client.py:134]: WebSocket error: SocketError.ConnectionRefusedError. Reconnecting...
2026-07-31 03:54:23,249 [INFO] [MainThread] [root/bar_manager.py:119]: Stopping SystemEventListener...
2026-07-31 03:54:23,280 [INFO] [MainThread] [root/bar_manager.py:119]: Stopping WindowsNotificationEventListener...
